source_panel,benchmark,period,N,N_provinces,mean_ProductLossDiff,mean_DeltaDeltaLoss,maximum_M0_product_difference,M0_exactly_common,interpretation
P1,B0,pooled_2022_2024,888,31,-0.00018934791568191471,-0.00018934791568191471,0,True,"negative favors EOG loss; cross-processing contrast, not independent sensors or universal superiority"
P1,B0,2022,296,31,-0.00051532809783712719,-0.00051532809783712719,0,True,"negative favors EOG loss; cross-processing contrast, not independent sensors or universal superiority"
P1,B0,2023,296,31,-2.606631457535555e-06,-2.6066314575355508e-06,0,True,"negative favors EOG loss; cross-processing contrast, not independent sensors or universal superiority"
P1,B0,2024,296,31,-5.0109017751081425e-05,-5.0109017751081425e-05,0,True,"negative favors EOG loss; cross-processing contrast, not independent sensors or universal superiority"
P1,B1,pooled_2022_2024,888,31,-0.0001393719661784494,-0.0001393719661784494,0,True,"negative favors EOG loss; cross-processing contrast, not independent sensors or universal superiority"
P1,B1,2022,296,31,-0.00039524894341359205,-0.00039524894341359205,0,True,"negative favors EOG loss; cross-processing contrast, not independent sensors or universal superiority"
P1,B1,2023,296,31,1.1048681132267565e-05,1.1048681132267562e-05,0,True,"negative favors EOG loss; cross-processing contrast, not independent sensors or universal superiority"
P1,B1,2024,296,31,-3.391563625402372e-05,-3.391563625402372e-05,0,True,"negative favors EOG loss; cross-processing contrast, not independent sensors or universal superiority"
P1,B2,pooled_2022_2024,888,31,-0.0001188658385041527,-0.00011886583850415272,0,True,"negative favors EOG loss; cross-processing contrast, not independent sensors or universal superiority"
P1,B2,2022,296,31,-0.00034236069116862748,-0.00034236069116862748,0,True,"negative favors EOG loss; cross-processing contrast, not independent sensors or universal superiority"
P1,B2,2023,296,31,1.7005930787827246e-05,1.7005930787827246e-05,0,True,"negative favors EOG loss; cross-processing contrast, not independent sensors or universal superiority"
P1,B2,2024,296,31,-3.1242755131657897e-05,-3.1242755131657897e-05,0,True,"negative favors EOG loss; cross-processing contrast, not independent sensors or universal superiority"
P1,B3,pooled_2022_2024,888,31,-0.00028939385730037109,-0.00028939385730037109,0,True,"negative favors EOG loss; cross-processing contrast, not independent sensors or universal superiority"
P1,B3,2022,296,31,-0.0011007203897858849,-0.0011007203897858849,0,True,"negative favors EOG loss; cross-processing contrast, not independent sensors or universal superiority"
P1,B3,2023,296,31,0.00023818216345980565,0.00023818216345980565,0,True,"negative favors EOG loss; cross-processing contrast, not independent sensors or universal superiority"
P1,B3,2024,296,31,-5.6433455750339411e-06,-5.6433455750339411e-06,0,True,"negative favors EOG loss; cross-processing contrast, not independent sensors or universal superiority"
P2,B0,pooled_2022_2024,888,31,-0.0001870889443952122,-0.0001870889443952122,0,True,"negative favors EOG loss; cross-processing contrast, not independent sensors or universal superiority"
P2,B0,2022,296,31,-0.0005131384140907941,-0.0005131384140907941,0,True,"negative favors EOG loss; cross-processing contrast, not independent sensors or universal superiority"
P2,B0,2023,296,31,1.8396930459125527e-06,1.8396930459125497e-06,0,True,"negative favors EOG loss; cross-processing contrast, not independent sensors or universal superiority"
P2,B0,2024,296,31,-4.9968112140755002e-05,-4.9968112140755002e-05,0,True,"negative favors EOG loss; cross-processing contrast, not independent sensors or universal superiority"
P2,B1,pooled_2022_2024,888,31,-0.00013776195639686613,-0.00013776195639686616,0,True,"negative favors EOG loss; cross-processing contrast, not independent sensors or universal superiority"
P2,B1,2022,296,31,-0.00039370940798345508,-0.00039370940798345508,0,True,"negative favors EOG loss; cross-processing contrast, not independent sensors or universal superiority"
P2,B1,2023,296,31,1.4489735732251872e-05,1.4489735732251872e-05,0,True,"negative favors EOG loss; cross-processing contrast, not independent sensors or universal superiority"
P2,B1,2024,296,31,-3.4066196939395119e-05,-3.4066196939395119e-05,0,True,"negative favors EOG loss; cross-processing contrast, not independent sensors or universal superiority"
P2,B2,pooled_2022_2024,888,31,-0.00011739175785604731,-0.00011739175785604731,0,True,"negative favors EOG loss; cross-processing contrast, not independent sensors or universal superiority"
P2,B2,2022,296,31,-0.00034108654509041795,-0.00034108654509041795,0,True,"negative favors EOG loss; cross-processing contrast, not independent sensors or universal superiority"
P2,B2,2023,296,31,1.9853809425657919e-05,1.9853809425657919e-05,0,True,"negative favors EOG loss; cross-processing contrast, not independent sensors or universal superiority"
P2,B2,2024,296,31,-3.0942537903381955e-05,-3.0942537903381955e-05,0,True,"negative favors EOG loss; cross-processing contrast, not independent sensors or universal superiority"
P2,B3,pooled_2022_2024,888,31,-0.00028540823153731028,-0.00028540823153731028,0,True,"negative favors EOG loss; cross-processing contrast, not independent sensors or universal superiority"
P2,B3,2022,296,31,-0.0010980746436516635,-0.0010980746436516635,0,True,"negative favors EOG loss; cross-processing contrast, not independent sensors or universal superiority"
P2,B3,2023,296,31,0.00023967564357837227,0.00023967564357837227,0,True,"negative favors EOG loss; cross-processing contrast, not independent sensors or universal superiority"
P2,B3,2024,296,31,2.174305461360312e-06,2.174305461360312e-06,0,True,"negative favors EOG loss; cross-processing contrast, not independent sensors or universal superiority"
P4,B0,pooled_2022_2024,888,31,-0.00018933688795170537,-0.00018933688795170537,0,True,"negative favors EOG loss; cross-processing contrast, not independent sensors or universal superiority"
P4,B0,2022,296,31,-0.00051520401631105798,-0.00051520401631105798,0,True,"negative favors EOG loss; cross-processing contrast, not independent sensors or universal superiority"
P4,B0,2023,296,31,-2.6418515202962917e-06,-2.6418515202962887e-06,0,True,"negative favors EOG loss; cross-processing contrast, not independent sensors or universal superiority"
P4,B0,2024,296,31,-5.0164796023761883e-05,-5.0164796023761883e-05,0,True,"negative favors EOG loss; cross-processing contrast, not independent sensors or universal superiority"
P4,B1,pooled_2022_2024,888,31,-0.00013936168487335991,-0.00013936168487335991,0,True,"negative favors EOG loss; cross-processing contrast, not independent sensors or universal superiority"
P4,B1,2022,296,31,-0.00039515528822889594,-0.00039515528822889594,0,True,"negative favors EOG loss; cross-processing contrast, not independent sensors or universal superiority"
P4,B1,2023,296,31,1.1023112505834307e-05,1.1023112505834307e-05,0,True,"negative favors EOG loss; cross-processing contrast, not independent sensors or universal superiority"
P4,B1,2024,296,31,-3.3952878897018026e-05,-3.3952878897018033e-05,0,True,"negative favors EOG loss; cross-processing contrast, not independent sensors or universal superiority"
P4,B2,pooled_2022_2024,888,31,-0.00011885842141701196,-0.00011885842141701196,0,True,"negative favors EOG loss; cross-processing contrast, not independent sensors or universal superiority"
P4,B2,2022,296,31,-0.00034227878963559807,-0.00034227878963559807,0,True,"negative favors EOG loss; cross-processing contrast, not independent sensors or universal superiority"
P4,B2,2023,296,31,1.6984605340423101e-05,1.6984605340423101e-05,0,True,"negative favors EOG loss; cross-processing contrast, not independent sensors or universal superiority"
P4,B2,2024,296,31,-3.1281079955860876e-05,-3.1281079955860876e-05,0,True,"negative favors EOG loss; cross-processing contrast, not independent sensors or universal superiority"
P4,B3,pooled_2022_2024,888,31,-0.00028936036003470632,-0.00028936036003470632,0,True,"negative favors EOG loss; cross-processing contrast, not independent sensors or universal superiority"
P4,B3,2022,296,31,-0.0011005761732737838,-0.0011005761732737838,0,True,"negative favors EOG loss; cross-processing contrast, not independent sensors or universal superiority"
P4,B3,2023,296,31,0.00023819540734037781,0.00023819540734037781,0,True,"negative favors EOG loss; cross-processing contrast, not independent sensors or universal superiority"
P4,B3,2024,296,31,-5.7003141707127162e-06,-5.7003141707127137e-06,0,True,"negative favors EOG loss; cross-processing contrast, not independent sensors or universal superiority"
P3,B0,pooled_2022_2024,482,17,-0.00019369173741587233,-0.00019369173741587233,0,True,"negative favors EOG loss; cross-processing contrast, not independent sensors or universal superiority"
P3,B0,2022,158,16,-0.00058221594934105788,-0.00058221594934105788,0,True,"negative favors EOG loss; cross-processing contrast, not independent sensors or universal superiority"
P3,B0,2023,158,16,-1.1575679592866159e-05,-1.1575679592866159e-05,0,True,"negative favors EOG loss; cross-processing contrast, not independent sensors or universal superiority"
P3,B0,2024,166,17,2.7690357657201543e-06,2.7690357657201492e-06,0,True,"negative favors EOG loss; cross-processing contrast, not independent sensors or universal superiority"
P3,B1,pooled_2022_2024,482,17,-0.0001387191772591298,-0.0001387191772591298,0,True,"negative favors EOG loss; cross-processing contrast, not independent sensors or universal superiority"
P3,B1,2022,158,16,-0.00040109465224574716,-0.00040109465224574711,0,True,"negative favors EOG loss; cross-processing contrast, not independent sensors or universal superiority"
P3,B1,2023,158,16,1.891806993743495e-05,1.8918069937434954e-05,0,True,"negative favors EOG loss; cross-processing contrast, not independent sensors or universal superiority"
P3,B1,2024,166,17,-3.9028574904742444e-05,-3.9028574904742444e-05,0,True,"negative favors EOG loss; cross-processing contrast, not independent sensors or universal superiority"
P3,B2,pooled_2022_2024,482,17,-0.00011835584553539834,-0.00011835584553539834,0,True,"negative favors EOG loss; cross-processing contrast, not independent sensors or universal superiority"
P3,B2,2022,158,16,-0.00034226664392327606,-0.00034226664392327606,0,True,"negative favors EOG loss; cross-processing contrast, not independent sensors or universal superiority"
P3,B2,2023,158,16,2.1802835131414292e-05,2.1802835131414292e-05,0,True,"negative favors EOG loss; cross-processing contrast, not independent sensors or universal superiority"
P3,B2,2024,166,17,-3.8639974451493076e-05,-3.8639974451493076e-05,0,True,"negative favors EOG loss; cross-processing contrast, not independent sensors or universal superiority"
P3,B3,pooled_2022_2024,482,17,-0.00028980173822383971,-0.00028980173822383971,0,True,"negative favors EOG loss; cross-processing contrast, not independent sensors or universal superiority"
P3,B3,2022,158,16,-0.0011532755385188264,-0.0011532755385188264,0,True,"negative favors EOG loss; cross-processing contrast, not independent sensors or universal superiority"
P3,B3,2023,158,16,0.00028604243810136321,0.00028604243810136321,0,True,"negative favors EOG loss; cross-processing contrast, not independent sensors or universal superiority"
P3,B3,2024,166,17,-1.6033782879105602e-05,-1.6033782879105602e-05,0,True,"negative favors EOG loss; cross-processing contrast, not independent sensors or universal superiority"
