group,group_value,N,exact_N,exact_pct,rounding_0p05_N,agreement_0p05_pct,agreement_0p10_pct,agreement_0p20_pct,sign_agreement_pct,Pearson,Spearman,mean_error_pp,median_error_pp,MAE_pp,RMSE_pp,p95_absolute_error_pp,maximum_absolute_error_pp,official_growth_SD_pp,MAE_over_official_SD,intercept_pp,slope,R2,log_intercept,log_slope,log_R2
independent_verified,all,98,84,85.714285714285708,96,97.959183673469383,97.959183673469383,98.979591836734699,100,0.99987396337380985,0.99977675091109108,-0.01030612244898021,-2.6645352591003757e-15,0.010306122448982453,0.045948062960215121,0.049999999999997692,0.39999999999999591,2.8277012169077955,0.0036446999376591174,0.0040710087512056958,1.0011338884417635,0.99974794263285061,3.8587237504120186e-05,1.0010953443301351,0.9997544651406558
year,2022,31,30,96.774193548387103,30,96.774193548387103,96.774193548387103,96.774193548387103,100,0.99965154415253965,0.99959636730575163,-0.012903225806451511,0,0.01290322580645459,0.071842120810709217,6.2172489379008766e-15,0.39999999999999591,2.6363301309092124,0.0048943892326582597,-0.012298730077024977,1.0068172830051287,0.99930320972655728,-0.00010888290362963404,1.0063640853346043,0.99936510239392418
year,2023,35,32,91.428571428571431,34,97.142857142857139,97.142857142857139,100,100,0.99994376092932669,1,-0.0071428571428582069,-2.6645352591003757e-15,0.0071428571428600596,0.030378563870880303,0.036000000000001309,0.16999999999999948,2.8144524968709024,0.0025379206615856764,0.013345112308000395,0.99909152989838879,0.99988752502148615,0.00013603164944853141,0.99895713587462276,0.99988200252462311
year,2024,32,22,68.75,32,100,100,100,100,0.99996038862647862,0.99687413044184736,-0.011250000000000829,-4.2188474935755949e-15,0.011250000000002688,0.021360009363294095,0.049999999999998754,0.050000000000006928,2.0726303025305168,0.005427885516421975,0.011061868061126745,1.0000324820440485,0.99992077882201869,0.00010446367844080262,1.0000331024626818,0.99991782631113424
macro_region,Central,26,23,88.461538461538453,25,96.15384615384616,96.15384615384616,100,100,0.9995002047909366,0.99982875246042779,-0.0088461538461542377,-2.6645352591003757e-15,0.008846153846157381,0.034474070523533164,0.03500000000000103,0.16999999999999948,1.041751483726399,0.0084916162677438484,0.048441038567482053,0.99202396371926471,0.99900065937712457,0.00047865340927800981,0.99186693874841381,0.99897457469907258
macro_region,East,22,16,72.727272727272734,22,100,100,100,100,0.99998428131821548,0.99886941738865453,-0.011363636363637342,-2.7755575615628914e-15,0.011363636363638715,0.02225880826671954,0.050000000000005596,0.050000000000006928,3.3887131220238493,0.0033533780979524115,0.0039584457773473858,1.0014099021453777,0.99996856288350777,3.9955402922640937e-05,1.0013154296228679,0.99996988700560441
macro_region,Northeast,6,6,100,6,100,100,100,100,0.99999999999999989,1,-1.1102230246251565e-16,0,3.8857805861880479e-15,4.1669121920144077e-15,6.106226635438361e-15,6.2172489379008766e-15,2.6763158757266803,1.4519140365421067e-15,-3.1086244689504383e-15,1.0000000000000009,1,-1.0408340855860843e-16,1.000000000000002,1
macro_region,West,44,39,88.63636363636364,43,97.727272727272734,97.727272727272734,97.727272727272734,100,0.99981257738262541,0.99950638426352434,-0.012045454545455185,-1.3322676295501878e-15,0.012045454545457123,0.061255797499278807,0.038499999999999951,0.39999999999999591,3.1302722966481356,0.0038480532694728431,0.003540739061755005,1.0013743985061989,0.99962518989248894,2.8715681206346877e-05,1.0013990944573319,0.99963343452528164
province_name,云南省,9,9,100,9,100,100,100,100,0.99999999999999989,1,-1.3816108750890837e-15,0,1.9737298215558339e-15,2.8319756124915611e-15,4.9737991503207002e-15,6.2172489379008766e-15,1.4603081866510232,1.3515844392287212e-15,0,1.0000000000000004,1,-1.0408340855860843e-16,1.0000000000000038,1
province_name,内蒙古自治区,9,6,66.666666666666657,8,88.888888888888886,88.888888888888886,88.888888888888886,100,0.99922120685233762,1,-0.054444444444444809,-5.7037707890117417e-15,0.054444444444446585,0.13503086067019263,0.25999999999999768,0.39999999999999591,3.2175301086392336,0.016921191909987247,-0.0012426004019552295,1.0102261457583677,0.99844302022344222,-2.5274664560585858e-05,1.0101235034248257,0.99851188293211057
province_name,吉林省,6,6,100,6,100,100,100,100,0.99999999999999989,1,-1.1102230246251565e-16,0,3.8857805861880479e-15,4.1669121920144077e-15,6.106226635438361e-15,6.2172489379008766e-15,2.6763158757266803,1.4519140365421067e-15,-3.1086244689504383e-15,1.0000000000000009,1,-1.0408340855860843e-16,1.000000000000002,1
province_name,安徽省,9,8,88.888888888888886,9,100,100,100,100,0.99997033441543526,1,-0.0022222222222218293,2.6645352591003757e-15,0.0022222222222260729,0.0066666666666680046,0.012000000000004889,0.020000000000004015,0.86168439698070431,0.0025789282363851774,-0.0015316827528417676,1.0007268748875984,0.99994066971091722,-1.5802300316669626e-05,1.0007329923146047,0.99994110941596948
province_name,山东省,7,5,71.428571428571431,7,100,100,100,100,0.99984887851822701,0.99103120896511498,-0.011428571428572136,-5.773159728050814e-15,0.011428571428572898,0.022038926600771853,0.043999999999996736,0.049999999999997158,1.1676186592091329,0.0097879314778284293,0.0046112296262066366,1.0012890705731106,0.9996977798741562,3.9919833627950763e-05,1.0013299488187943,0.99970128725591012
province_name,新疆维吾尔自治区,9,7,77.777777777777786,9,100,100,100,100,0.99999159438347029,1,-0.0044444444444456327,-5.3290705182007514e-15,0.0044444444444468167,0.010540925533893998,0.021999999999998104,0.029999999999999361,2.4069921294244216,0.0018464723627948075,-0.003161054684108322,1.0009646208026632,0.99998318883759496,-3.2084197251910918e-05,1.000962807093033,0.99998367649760489
province_name,江西省,8,7,87.5,7,87.5,87.5,100,100,0.99931282279722833,0.99999999999999978,-0.021250000000000491,-1.3322676295501878e-15,0.021250000000003155,0.060104076400856354,0.11050000000000175,0.16999999999999948,1.5089613267788826,0.014082534537425589,0.091960454171286621,0.98561699381209533,0.99862611780696464,0.00090725987314719397,0.9853407255457749,0.99858228879436517
province_name,浙江省,7,5,71.428571428571431,7,100,100,100,100,0.99985403456704003,1,-0.01285714285714328,0,0.012857142857145185,0.024201534780141216,0.04700000000000485,0.050000000000006928,1.2759683530931472,0.010076380676666045,-0.0034039027061067983,1.0030672950402251,0.99970809043998798,-3.7772026292931526e-05,1.0030907143743861,0.99971188743220962
province_name,海南省,8,6,75,8,100,100,100,100,0.9999950644013631,1,-0.010000000000001702,-3.219646771412954e-15,0.010000000000003145,0.020615528128090258,0.04300000000000416,0.05000000000000604,5.645842338773349,0.0017712148869845714,0.0030805771860915598,1.0013364409104606,0.99999012882708649,3.1565353551941955e-05,1.0012266987630152,0.99999099861432772
province_name,湖南省,9,8,88.888888888888886,9,100,100,100,100,0.99985902932830328,1,-0.0044444444444455338,-2.6645352591003757e-15,0.0044444444444480015,0.013333333333333346,0.024000000000002495,0.040000000000000036,0.76394444242438941,0.0058177587238457925,-0.018567226163705541,1.0047874488089079,0.99971807852933692,-0.00018032713086370972,1.0047417922238957,0.99972271169555715
province_name,甘肃省,8,8,100,8,100,100,100,100,1,1,-1.2212453270876722e-15,-1.3322676295501878e-15,3.8857805861880479e-15,4.6044149278507352e-15,6.2172489379008766e-15,6.2172489379008766e-15,3.2146983862075946,1.2087543275784993e-15,1.7763568394002505e-15,1,1,8.3266726846886741e-17,0.999999999999999,1
province_name,西藏自治区,9,9,100,9,100,100,100,100,1,1,8.9126237254630631e-16,0,2.6676192119465568e-15,3.4423006518015968e-15,5.3290705182007514e-15,5.3290705182007514e-15,3.9711809046904141,6.7174457068822948e-16,-8.8817841970012523e-16,1,1,5.5511151231257827e-17,0.99999999999999944,1
official_growth_quintile,"(-4.501, 3.8]",22,21,95.454545454545453,21,95.454545454545453,95.454545454545453,100,100,0.99985239032229334,0.99971635228474909,-0.0077272727272726998,0,0.0077272727272751449,0.036244121780453664,5.773159728050814e-15,0.16999999999999948,2.0869051631957691,0.0037027426370645584,0.0022114449313090923,1.0025423886761198,0.99970480243320281,2.2755105702865902e-05,1.0024374628041777,0.99972314526735084
official_growth_quintile,"(3.8, 4.86]",17,16,94.117647058823522,17,100,100,100,100,0.99973373134061938,0.9962240267920609,-0.0017647058823536872,0,0.0017647058823562472,0.0072760687510901572,0.0060000000000050907,0.030000000000000693,0.30389626713151746,0.00580693504074051,0.028971936889467642,0.9936527661984228,0.99946753358023788,0.00028444885359303618,0.99362652861529654,0.99946391530105949
official_growth_quintile,"(4.86, 5.6]",21,15,71.428571428571431,21,100,100,100,100,0.99606949519724941,0.98772959664958959,-0.010476190476191142,-2.6645352591003757e-15,0.010476190476192918,0.020236694629405073,0.040000000000000036,0.049999999999997158,0.19892568605242644,0.052663839869487444,-0.046082669606525961,1.0105783404144733,0.99215443926250346,-0.00045255102807407327,1.0105970283727017,0.99217795148276011
official_growth_quintile,"(5.6, 7.36]",18,17,94.444444444444443,18,100,100,100,100,0.99973449295603822,0.9994806543404583,-0.0027777777777791002,-2.6645352591003757e-15,0.0027777777777817647,0.011785113019777424,0.0075000000000062525,0.050000000000006928,0.49494173420862164,0.0056123328985850096,0.040690428302948334,0.99403211447789208,0.99946905640606654,0.00039624169764040235,0.99399158113493891,0.99946318669726752
official_growth_quintile,"(7.36, 13.6]",20,15,75,19,95,95,95,100,0.99882900077225734,0.99510733430991893,-0.027000000000000534,-3.5527136788005009e-15,0.027000000000002401,0.091104335791442254,0.067500000000005778,0.39999999999999591,1.7534627395377895,0.015398103074103282,0.17674000128353029,0.98437441288912342,0.9976593727837062,0.0017320441613834919,0.98378335027831243,0.99755005104244643
absolute_growth_magnitude,1_to_3pp,6,6,100,6,100,100,100,100,1,1,1.4062824978585316e-15,1.3322676295501878e-15,2.3684757858670005e-15,3.0847422370805075e-15,5.0515147620444623e-15,5.773159728050814e-15,1.6789877903070052,1.4106569443449744e-15,-1.7763568394002505e-15,1,1,-3.8163916471489756e-17,1.0000000000000013,1
absolute_growth_magnitude,3_to_6pp,55,46,83.636363636363626,54,98.181818181818187,98.181818181818187,100,100,0.99984484677692587,0.9991865140787668,-0.0085454545454551941,-2.6645352591003757e-15,0.0085454545454574232,0.02726969680132816,0.042999999999999143,0.16999999999999948,1.4827969748710943,0.0057630644587741454,0.0057896354830102581,1.0006098662070353,0.99968971762637415,5.6675683770719687e-05,1.0005655397653752,0.99970559373487777
absolute_growth_magnitude,above_6pp,33,28,84.848484848484844,32,96.969696969696969,96.969696969696969,96.969696969696969,100,0.99941492216520478,0.99790882825061011,-0.016363636363637281,-2.6645352591003757e-15,0.01636363636363938,0.070924629222174643,0.050000000000002841,0.39999999999999591,2.0447132495113522,0.0080029003419183498,0.034938896018520182,0.99778674332534956,0.99883018664648182,0.00033524176897833935,0.99771573064446839,0.99879299660886844
absolute_growth_magnitude,under_or_equal_1pp,4,4,100,4,100,100,100,100,1,1,-7.5286998857393428e-16,0,2.0990154059319366e-15,3.1536261332107611e-15,5.2520487958673802e-15,5.7037707890117417e-15,0.49244289008980524,4.2624544859387568e-15,2.1094237467877974e-15,0.99999999999999756,1,1.1796119636642288e-16,0.99999999999998812,1
nominal_GDP_size_tercile,large,25,18,72,23,92,92,96,100,0.99879585402337268,0.998651901168504,-0.031199999999999832,-2.6645352591003757e-15,0.031200000000001643,0.088994381845147075,0.14599999999999938,0.39999999999999591,1.7062434371058151,0.018285784619880553,-0.016259876771261617,1.0089601036043008,0.99759315801427828,-0.00015535348704542179,1.0087235108358186,0.99762592165366704
nominal_GDP_size_tercile,medium,30,27,90,30,100,100,100,100,0.99997636568663062,0.99977725804379003,-0.0033333333333343501,-2.6645352591003757e-15,0.0033333333333367189,0.01125462867742408,0.02550000000000216,0.050000000000006928,1.588912734595868,0.0020978706135076296,0.0019121728371196411,1.0002851827082704,0.9999527319318422,1.7659065656913664e-05,1.0002890533043622,0.99995274010531443
nominal_GDP_size_tercile,small,43,39,90.697674418604649,43,100,100,100,100,0.9999963690116751,0.99996223208383106,-0.0030232558139542836,0,0.0030232558139566914,0.010890576254854569,0.027999999999999019,0.05000000000000604,3.8235210735366052,0.0007906993987508744,-0.00077752872526648531,1.0006360031723023,0.99999273803653299,-6.3842560712457086e-06,1.0005947335767988,0.99999324217514396
verification_status,VERIFIED_PRIMARY_SOURCE,80,67,83.75,78,97.5,97.5,98.75,100,0.99982575242335736,0.99976544239085097,-0.012125000000000639,-2.6645352591003757e-15,0.01212500000000292,0.050658168146903701,0.050000000000000974,0.39999999999999591,2.6407681923201096,0.0045914669963326897,0.002921405869728666,1.0016874556652575,0.99965153520893224,2.8942527291325737e-05,1.0016086999993636,0.99966314604033057
verification_status,VERIFIED_TRACEABLE_OFFICIAL_REPRODUCTION,18,17,94.444444444444443,18,100,100,100,100,0.99999662699133807,1,-0.0022222222222227509,0,0.002222222222224823,0.0094280904158206419,0.0060000000000052329,0.040000000000000036,3.6289684160524023,0.00061235645160068934,0.002566042739458041,0.99993965708550869,0.99999325399405359,2.3876349162899047e-05,0.99994916969722314,0.99999312301276633
