macro_region,province_name,year,predeclared_N,verified_N,unverified_N
Central,安徽省,2022,3,3,0
Central,安徽省,2023,3,3,0
Central,安徽省,2024,3,3,0
Central,江西省,2022,3,2,1
Central,江西省,2023,3,3,0
Central,江西省,2024,3,3,0
Central,湖南省,2022,3,3,0
Central,湖南省,2023,3,3,0
Central,湖南省,2024,3,3,0
East,山东省,2022,3,2,1
East,山东省,2023,3,3,0
East,山东省,2024,3,2,1
East,浙江省,2022,3,2,1
East,浙江省,2023,3,2,1
East,浙江省,2024,3,3,0
East,海南省,2022,3,2,1
East,海南省,2023,3,3,0
East,海南省,2024,3,3,0
Northeast,吉林省,2022,3,3,0
Northeast,吉林省,2023,3,3,0
West,云南省,2022,3,3,0
West,云南省,2023,3,3,0
West,云南省,2024,3,3,0
West,内蒙古自治区,2022,3,3,0
West,内蒙古自治区,2023,3,3,0
West,内蒙古自治区,2024,3,3,0
West,新疆维吾尔自治区,2022,3,3,0
West,新疆维吾尔自治区,2023,3,3,0
West,新疆维吾尔自治区,2024,3,3,0
West,甘肃省,2022,3,2,1
West,甘肃省,2023,3,3,0
West,甘肃省,2024,3,3,0
West,西藏自治区,2022,3,3,0
West,西藏自治区,2023,3,3,0
West,西藏自治区,2024,3,3,0
