source_panel,contrast,product,benchmark,N_point,N_provinces,pooled_skill_point,mean_loss_difference_point,CI95_lower,CI95_upper,CI_excludes_zero,draws,seed,interval_method,temporal_scope
P1,conditional_M1_minus_M0,EOG,B0,888,31,0.109738360350815,-6.2258813074648095e-05,-0.0001065024278613572,-2.7474507288868971e-05,True,9999,20261002,percentile province-panel block bootstrap; refit nested M0/M1 in every fold and draw,conditional on observed 2022–2024 sequence; no population-of-temporal-regimes inference
P1,conditional_M1_minus_M0,EOG,B1,888,31,0.076597851826476201,-4.9775275996461441e-05,-8.7838633024064084e-05,-2.1034095940349146e-05,True,9999,20261002,percentile province-panel block bootstrap; refit nested M0/M1 in every fold and draw,conditional on observed 2022–2024 sequence; no population-of-temporal-regimes inference
P1,conditional_M1_minus_M0,EOG,B2,888,31,0.067111586685630498,-4.4375666957858152e-05,-8.0722687763653121e-05,-1.799381364520836e-05,True,9999,20261002,percentile province-panel block bootstrap; refit nested M0/M1 in every fold and draw,conditional on observed 2022–2024 sequence; no population-of-temporal-regimes inference
P1,conditional_M1_minus_M0,EOG,B3,888,31,0.031856607485688797,-4.4370928341202505e-05,-0.00010041613364938608,4.0613533270752855e-06,False,9999,20261002,percentile province-panel block bootstrap; refit nested M0/M1 in every fold and draw,conditional on observed 2022–2024 sequence; no population-of-temporal-regimes inference
P1,conditional_M1_minus_M0,Black Marble,B0,888,31,-0.22400924543576001,0.00012708910260719999,4.4760787724864116e-05,0.00029152778353102227,True,9999,20261002,percentile province-panel block bootstrap; refit nested M0/M1 in every fold and draw,conditional on observed 2022–2024 sequence; no population-of-temporal-regimes inference
P1,conditional_M1_minus_M0,Black Marble,B1,888,31,-0.13787796976134339,8.9596690181987937e-05,3.6073074827995151e-05,0.00019404813790253945,True,9999,20261002,percentile province-panel block bootstrap; refit nested M0/M1 in every fold and draw,conditional on observed 2022–2024 sequence; no population-of-temporal-regimes inference
P1,conditional_M1_minus_M0,Black Marble,B2,888,31,-0.1126552894338273,7.4490171546294544e-05,2.911198287948555e-05,0.00017070370216994005,True,9999,20261002,percentile province-panel block bootstrap; refit nested M0/M1 in every fold and draw,conditional on observed 2022–2024 sequence; no population-of-temporal-regimes inference
P1,conditional_M1_minus_M0,Black Marble,B3,888,31,-0.17591697006704021,0.00024502292895909998,8.5111919390660302e-05,0.00059207384481613061,True,9999,20261002,percentile province-panel block bootstrap; refit nested M0/M1 in every fold and draw,conditional on observed 2022–2024 sequence; no population-of-temporal-regimes inference
P1,paired_cross_processing,paired_EOG_minus_BM,B0,888,31,,-0.00018934791568189999,-0.00036453703999521939,-8.7703589559332869e-05,True,9999,20261002,percentile province-panel block bootstrap; refit nested M0/M1 in every fold and draw,conditional on observed 2022–2024 sequence; no population-of-temporal-regimes inference
P1,paired_cross_processing,paired_EOG_minus_BM,B1,888,31,,-0.00013937196617840001,-0.00024741639561909551,-7.5272773052066297e-05,True,9999,20261002,percentile province-panel block bootstrap; refit nested M0/M1 in every fold and draw,conditional on observed 2022–2024 sequence; no population-of-temporal-regimes inference
P1,paired_cross_processing,paired_EOG_minus_BM,B2,888,31,,-0.0001188658385041,-0.00021980964103436796,-6.1282077991929931e-05,True,9999,20261002,percentile province-panel block bootstrap; refit nested M0/M1 in every fold and draw,conditional on observed 2022–2024 sequence; no population-of-temporal-regimes inference
P1,paired_cross_processing,paired_EOG_minus_BM,B3,888,31,,-0.00028939385730030002,-0.00062142615176251728,-0.00013344097782150885,True,9999,20261002,percentile province-panel block bootstrap; refit nested M0/M1 in every fold and draw,conditional on observed 2022–2024 sequence; no population-of-temporal-regimes inference
P2,conditional_M1_minus_M0,EOG,B0,888,31,0.11146855583255059,-6.2186498013873661e-05,-0.00010670402740186828,-2.7427059673626324e-05,True,9999,20261002,percentile province-panel block bootstrap; refit nested M0/M1 in every fold and draw,conditional on observed 2022–2024 sequence; no population-of-temporal-regimes inference
P2,conditional_M1_minus_M0,EOG,B1,888,31,0.078092303089204396,-4.9718416078750475e-05,-8.7996431938865469e-05,-2.1070763681782027e-05,True,9999,20261002,percentile province-panel block bootstrap; refit nested M0/M1 in every fold and draw,conditional on observed 2022–2024 sequence; no population-of-temporal-regimes inference
P2,conditional_M1_minus_M0,EOG,B2,888,31,0.068338927519611598,-4.4206908833833294e-05,-8.0886416469048224e-05,-1.7838644946940869e-05,True,9999,20261002,percentile province-panel block bootstrap; refit nested M0/M1 in every fold and draw,conditional on observed 2022–2024 sequence; no population-of-temporal-regimes inference
P2,conditional_M1_minus_M0,EOG,B3,888,31,0.031827287034443097,-4.4053908656324594e-05,-0.00010030043748791121,3.6032413868013716e-06,False,9999,20261002,percentile province-panel block bootstrap; refit nested M0/M1 in every fold and draw,conditional on observed 2022–2024 sequence; no population-of-temporal-regimes inference
P2,conditional_M1_minus_M0,Black Marble,B0,888,31,-0.22388614510780599,0.00012490244638130001,4.4543582716674335e-05,0.00028549480570546601,True,9999,20261002,percentile province-panel block bootstrap; refit nested M0/M1 in every fold and draw,conditional on observed 2022–2024 sequence; no population-of-temporal-regimes inference
P2,conditional_M1_minus_M0,Black Marble,B1,888,31,-0.1382892573383378,8.8043540318115659e-05,3.5678844085820113e-05,0.00018909729279978815,True,9999,20261002,percentile province-panel block bootstrap; refit nested M0/M1 in every fold and draw,conditional on observed 2022–2024 sequence; no population-of-temporal-regimes inference
P2,conditional_M1_minus_M0,Black Marble,B2,888,31,-0.1131355759721217,7.318484902221402e-05,2.8768078010281709e-05,0.00016708027981254901,True,9999,20261002,percentile province-panel block bootstrap; refit nested M0/M1 in every fold and draw,conditional on observed 2022–2024 sequence; no population-of-temporal-regimes inference
P2,conditional_M1_minus_M0,Black Marble,B3,888,31,-0.17436939299219159,0.00024135432288089999,8.5059806060730275e-05,0.00058072427368830945,True,9999,20261002,percentile province-panel block bootstrap; refit nested M0/M1 in every fold and draw,conditional on observed 2022–2024 sequence; no population-of-temporal-regimes inference
P2,paired_cross_processing,paired_EOG_minus_BM,B0,888,31,,-0.0001870889443952,-0.00036012623615859393,-8.6966421391932233e-05,True,9999,20261002,percentile province-panel block bootstrap; refit nested M0/M1 in every fold and draw,conditional on observed 2022–2024 sequence; no population-of-temporal-regimes inference
P2,paired_cross_processing,paired_EOG_minus_BM,B1,888,31,,-0.0001377619563968,-0.0002434345536303126,-7.4902148034481709e-05,True,9999,20261002,percentile province-panel block bootstrap; refit nested M0/M1 in every fold and draw,conditional on observed 2022–2024 sequence; no population-of-temporal-regimes inference
P2,paired_cross_processing,paired_EOG_minus_BM,B2,888,31,,-0.000117391757856,-0.00021699926972440793,-6.0458057756055793e-05,True,9999,20261002,percentile province-panel block bootstrap; refit nested M0/M1 in every fold and draw,conditional on observed 2022–2024 sequence; no population-of-temporal-regimes inference
P2,paired_cross_processing,paired_EOG_minus_BM,B3,888,31,,-0.00028540823153729998,-0.00061454123364457116,-0.00013065638985180873,True,9999,20261002,percentile province-panel block bootstrap; refit nested M0/M1 in every fold and draw,conditional on observed 2022–2024 sequence; no population-of-temporal-regimes inference
P4,conditional_M1_minus_M0,EOG,B0,888,31,0.10971997587705171,-6.2273077550081284e-05,-0.00010650232595793301,-2.7498918044255802e-05,True,9999,20261002,percentile province-panel block bootstrap; refit nested M0/M1 in every fold and draw,conditional on observed 2022–2024 sequence; no population-of-temporal-regimes inference
P4,conditional_M1_minus_M0,EOG,B1,888,31,0.076580801250568598,-4.9782169502866806e-05,-8.7831238089667386e-05,-2.1076378252246131e-05,True,9999,20261002,percentile province-panel block bootstrap; refit nested M0/M1 in every fold and draw,conditional on observed 2022–2024 sequence; no population-of-temporal-regimes inference
P4,conditional_M1_minus_M0,EOG,B2,888,31,0.067116516261759004,-4.4382697105127729e-05,-8.0725678808647256e-05,-1.8010143073137341e-05,True,9999,20261002,percentile province-panel block bootstrap; refit nested M0/M1 in every fold and draw,conditional on observed 2022–2024 sequence; no population-of-temporal-regimes inference
P4,conditional_M1_minus_M0,EOG,B3,888,31,0.031838954563592502,-4.4336596180100815e-05,-0.00010035069035370992,4.0849067339855019e-06,False,9999,20261002,percentile province-panel block bootstrap; refit nested M0/M1 in every fold and draw,conditional on observed 2022–2024 sequence; no population-of-temporal-regimes inference
P4,conditional_M1_minus_M0,Black Marble,B0,888,31,-0.2238758506980886,0.00012706381040160001,4.4734570153438692e-05,0.00029147819307092911,True,9999,20261002,percentile province-panel block bootstrap; refit nested M0/M1 in every fold and draw,conditional on observed 2022–2024 sequence; no population-of-temporal-regimes inference
P4,conditional_M1_minus_M0,Black Marble,B1,888,31,-0.13780176981469131,8.9579515370493085e-05,3.6036478914457149e-05,0.00019404311956627355,True,9999,20261002,percentile province-panel block bootstrap; refit nested M0/M1 in every fold and draw,conditional on observed 2022–2024 sequence; no population-of-temporal-regimes inference
P4,conditional_M1_minus_M0,Black Marble,B2,888,31,-0.1126238711911757,7.4475724311884214e-05,2.9081567807679969e-05,0.00017069537110594885,True,9999,20261002,percentile province-panel block bootstrap; refit nested M0/M1 in every fold and draw,conditional on observed 2022–2024 sequence; no population-of-temporal-regimes inference
P4,conditional_M1_minus_M0,Black Marble,B3,888,31,-0.17595623382267139,0.00024502376385459999,8.5109136330126334e-05,0.00059206159779620995,True,9999,20261002,percentile province-panel block bootstrap; refit nested M0/M1 in every fold and draw,conditional on observed 2022–2024 sequence; no population-of-temporal-regimes inference
P4,paired_cross_processing,paired_EOG_minus_BM,B0,888,31,,-0.00018933688795170001,-0.00036453346215727924,-8.7682091814929688e-05,True,9999,20261002,percentile province-panel block bootstrap; refit nested M0/M1 in every fold and draw,conditional on observed 2022–2024 sequence; no population-of-temporal-regimes inference
P4,paired_cross_processing,paired_EOG_minus_BM,B1,888,31,,-0.00013936168487330001,-0.00024743447355805864,-7.5240304837746847e-05,True,9999,20261002,percentile province-panel block bootstrap; refit nested M0/M1 in every fold and draw,conditional on observed 2022–2024 sequence; no population-of-temporal-regimes inference
P4,paired_cross_processing,paired_EOG_minus_BM,B2,888,31,,-0.000118858421417,-0.00021982925698597089,-6.125927328984154e-05,True,9999,20261002,percentile province-panel block bootstrap; refit nested M0/M1 in every fold and draw,conditional on observed 2022–2024 sequence; no population-of-temporal-regimes inference
P4,paired_cross_processing,paired_EOG_minus_BM,B3,888,31,,-0.00028936036003469998,-0.00062143745525035214,-0.00013335308495806286,True,9999,20261002,percentile province-panel block bootstrap; refit nested M0/M1 in every fold and draw,conditional on observed 2022–2024 sequence; no population-of-temporal-regimes inference
