source_panel,fit_regime,analysis,product,benchmark,target_years,N_observations,unique_prefectures,N_provinces,pooled_model_SSE,pooled_baseline_SSE,pooled_skill,equal_year_mean_skill,annual_signs,annual_skills,years_improved,years_worsened,model_RMSE,baseline_RMSE,model_MAE,baseline_MAE,mean_delta_loss,equal_year_mean_delta_loss
P1,full_recursive_source_defined_history,standalone,Black Marble,B0,2022|2023|2024,888,296,31,0.80316458934305368,0.71999749926013334,-0.11551024853333858,-0.053343960222239785,2022:-|2023:-|2024:+,2022:-0.20026174020654564|2023:-0.04607854485577012|2024:0.086308404395596394,1,2,0.03007431840688287,0.028474690422589537,0.022502483759806163,0.021331817806895585,9.3656632976261614e-05,9.3656632976261601e-05
P1,full_recursive_source_defined_history,standalone,Black Marble,B1,2022|2023|2024,888,296,31,0.80316458934305368,0.79619937793970641,-0.0087480744099184271,0.060237054284456769,2022:-|2023:+|2024:+,2022:-0.1139463599284698|2023:0.16473294417133089|2024:0.12992457861050921,2,1,0.03007431840688287,0.029943629057000973,0.022502483759806163,0.023118968339661285,7.8437065353008166e-06,7.8437065353008319e-06
P1,full_recursive_source_defined_history,standalone,Black Marble,B2,2022|2023|2024,888,296,31,0.80316458934305368,0.80718487613325618,0.0049806270026531152,0.071846293237026917,2022:-|2023:+|2024:+,2022:-0.10144346230899437|2023:0.2008985320399147|2024:0.11608380998016044,2,1,0.03007431840688287,0.03014949382041995,0.022502483759806163,0.023412848696561541,-4.5273499889667233e-06,-4.5273499889667283e-06
P1,full_recursive_source_defined_history,standalone,Black Marble,B3,2022|2023|2024,888,296,31,0.80316458934305368,1.1794297245910823,0.31902293744418109,0.27661175786384612,2022:+|2023:+|2024:+,2022:0.27515790883247249|2023:0.54455363496883324|2024:0.010123729790232572,3,0,0.03007431840688287,0.036444294845582613,0.022502483759806163,0.027633271826241777,-0.00042372199915318554,-0.00042372199915318549
P1,full_recursive_source_defined_history,standalone,EOG,B0,2022|2023|2024,888,296,31,0.68306375504329142,0.71999749926013334,0.051297045135288544,0.046107727450031478,2022:+|2023:+|2024:+,2022:0.05836055601529877|2023:0.01782778817493047|2024:0.062134838159865202,3,0,0.027734742478776813,0.028474690422589537,0.020693122071552369,0.021331817806895585,-4.1592054298245415e-05,-4.1592054298245415e-05
P1,full_recursive_source_defined_history,standalone,EOG,B1,2022|2023|2024,888,296,31,0.68306375504329142,0.79619937793970641,0.1420945884046928,0.14958097127291584,2022:+|2023:+|2024:+,2022:0.12607742473627359|2023:0.21576052226463693|2024:0.10690496681783701,3,0,0.027734742478776813,0.029943629057000973,0.020693122071552369,0.023118968339661285,-0.00012740498073920617,-0.0001274049807392062
P1,full_recursive_source_defined_history,standalone,EOG,B2,2022|2023|2024,888,296,31,0.68306375504329142,0.80718487613325618,0.15377037499086377,0.15943367397568065,2022:+|2023:+|2024:+,2022:0.13588630322353956|2023:0.24971670615113306|2024:0.092698012552369313,3,0,0.027734742478776813,0.03014949382041995,0.020693122071552369,0.023412848696561541,-0.00013977603726347379,-0.00013977603726347376
P1,full_recursive_source_defined_history,standalone,EOG,B3,2022|2023|2024,888,296,31,0.68306375504329142,1.1794297245910823,0.42085251812683022,0.32921759500824982,2022:+|2023:+|2024:-,2022:0.43134078106476625|2023:0.5723774606504094|2024:-0.016065456690426139,2,1,0.027734742478776813,0.036444294845582613,0.020693122071552369,0.027633271826241777,-0.00055897068642769257,-0.00055897068642769257
P1,full_recursive_source_defined_history,conditional,Black Marble,B0,2022|2023|2024,888,296,31,0.61665184318240163,0.50379672006714882,-0.22400924543576006,-0.15132735981060763,2022:-|2023:+|2024:-,2022:-0.35615806990441534|2023:0.011752021101898102|2024:-0.10957603062930565,1,2,0.026351997103284855,0.023818871692930097,0.020313772892719528,0.017552526751993182,0.00012708910260726664,0.00012708910260726661
P1,full_recursive_source_defined_history,conditional,Black Marble,B1,2022|2023|2024,888,296,31,0.65660735277070859,0.57704549188910326,-0.13787796976134348,-0.090069541145589335,2022:-|2023:+|2024:-,2022:-0.24087375032209724|2023:0.027172259884244321|2024:-0.056507132998915077,1,2,0.027192327862130685,0.02549168500471518,0.020560053051408931,0.018938128009978277,8.9596690181987937e-05,8.9596690181987964e-05
P1,full_recursive_source_defined_history,conditional,Black Marble,B2,2022|2023|2024,888,296,31,0.65331253253124655,0.58716526019813697,-0.1126552894338273,-0.073358557517210543,2022:-|2023:+|2024:-,2022:-0.2013907180110821|2023:0.031194977487739473|2024:-0.049879932028288998,1,2,0.027124017243193556,0.025714240021100503,0.020595975121355671,0.019383000609279173,7.4490171546294544e-05,7.4490171546294558e-05
P1,full_recursive_source_defined_history,conditional,Black Marble,B3,2022|2023|2024,888,296,31,1.4544159023238505,1.2368355414081087,-0.17591697006704021,-0.11906821464512378,2022:-|2023:+|2024:-,2022:-0.3380776860118011|2023:0.10000010687305827|2024:-0.11912706479662849,1,2,0.040470430512414765,0.037320675461478763,0.031285482881289087,0.028572031329914701,0.00024502292895916861,0.00024502292895916866
P1,full_recursive_source_defined_history,conditional,EOG,B0,2022|2023|2024,888,296,31,0.44851089405686134,0.50379672006714882,0.10973836035081508,0.076328357196683003,2022:+|2023:+|2024:+,2022:0.16896924249575285|2023:0.018450475926232945|2024:0.041565353168063202,3,0,0.022473981303934971,0.023818871692930097,0.016939801279118767,0.017552526751993182,-6.2258813074648095e-05,-6.2258813074648095e-05
P1,full_recursive_source_defined_history,conditional,EOG,B1,2022|2023|2024,888,296,31,0.5328450468042456,0.57704549188910326,0.076597851826476271,0.055545073112551448,2022:+|2023:+|2024:+,2022:0.12165314895413071|2023:0.0053551127606800142|2024:0.039626957622843628,3,0,0.024495932894730902,0.02549168500471518,0.018424094302592727,0.018938128009978277,-4.9775275996461441e-05,-4.9775275996461447e-05
P1,full_recursive_source_defined_history,conditional,EOG,B2,2022|2023|2024,888,296,31,0.54775966793955888,0.58716526019813697,0.067111586685630553,0.049339262998159973,2022:+|2023:-|2024:+,2022:0.10793324267803972|2023:-0.00074486291444841868|2024:0.040829409230888625,2,1,0.024836394120421521,0.025714240021100503,0.018869563812217105,0.019383000609279173,-4.4375666957858152e-05,-4.4375666957858145e-05
P1,full_recursive_source_defined_history,conditional,EOG,B3,2022|2023|2024,888,296,31,1.1974341570411211,1.2368355414081087,0.031856607485688859,-0.022472500354852154,2022:+|2023:-|2024:-,2022:0.11655086579488849|2023:-0.078243324263923331|2024:-0.10572504259552162,1,2,0.036721409130911917,0.037320675461478763,0.02851210594568903,0.028572031329914701,-4.4370928341202505e-05,-4.4370928341202499e-05
P2,full_recursive_source_defined_history,standalone,Black Marble,B0,2022|2023|2024,888,296,31,0.79202725005995311,0.7101078358898022,-0.11536193522988181,-0.053135537692582502,2022:-|2023:-|2024:+,2022:-0.20328416939495497|2023:-0.045057294781678303|2024:0.08893485109888577,1,2,0.029865072892868411,0.028278454454980204,0.022445722898990571,0.02125280301289599,9.2251592533953877e-05,9.2251592533953864e-05
P2,full_recursive_source_defined_history,standalone,Black Marble,B1,2022|2023|2024,888,296,31,0.79202725005995311,0.78299825423028369,-0.011531310294612629,0.055838797384908524,2022:-|2023:+|2024:+,2022:-0.11543811725679065|2023:0.15251544467931577|2024:0.13043906473220046,2,1,0.029865072892868411,0.029694356211237668,0.022445722898990571,0.023040706985287936,1.0167788096474644e-05,1.0167788096474644e-05
P2,full_recursive_source_defined_history,standalone,Black Marble,B2,2022|2023|2024,888,296,31,0.79202725005995311,0.79293136980069645,0.0011402244572195075,0.066778882825138927,2022:-|2023:+|2024:+,2022:-0.10345454215722727|2023:0.18514459940166128|2024:0.11864659123098276,2,1,0.029865072892868411,0.029882113910457222,0.022445722898990571,0.023338795709892477,-1.0181528611973807e-06,-1.0181528611973831e-06
P2,full_recursive_source_defined_history,standalone,Black Marble,B3,2022|2023|2024,888,296,31,0.79202725005995311,1.1718033332260236,0.3240954112329848,0.27863551390961322,2022:+|2023:+|2024:+,2022:0.27884649577693887|2023:0.55210493289772189|2024:0.0049551130541788391,3,0,0.029865072892868411,0.036326276278026405,0.022445722898990571,0.027568871988854098,-0.00042767576933116033,-0.00042767576933116038
P2,full_recursive_source_defined_history,standalone,EOG,B0,2022|2023|2024,888,296,31,0.67317728797455023,0.7101078358898022,0.052006957322159431,0.046123508290368119,2022:+|2023:+|2024:+,2022:0.060200697893192157|2023:0.015576981628102282|2024:0.062592845349809911,3,0,0.027533298594663008,0.028278454454980204,0.020603780939243165,0.02125280301289599,-4.1588454859517824e-05,-4.1588454859517824e-05
P2,full_recursive_source_defined_history,standalone,EOG,B1,2022|2023|2024,888,296,31,0.67317728797455023,0.78299825423028369,0.14025697460039876,0.14526486732086782,2022:+|2023:+|2024:+,2022:0.12881097349733084|2023:0.20168654088325111|2024:0.1052970875820215,3,0,0.027533298594663008,0.029694356211237668,0.020603780939243165,0.023040706985287936,-0.00012367225929699706,-0.000123672259296997
P2,full_recursive_source_defined_history,standalone,EOG,B2,2022|2023|2024,888,296,31,0.67317728797455023,0.79293136980069645,0.15102704519843435,0.15458556390284225,2022:+|2023:+|2024:+,2022:0.13817048790112896|2023:0.2324225504198435|2024:0.093163653387554279,3,0,0.027533298594663008,0.029882113910457222,0.020603780939243165,0.023338795709892477,-0.00013485820025466906,-0.00013485820025466906
P2,full_recursive_source_defined_history,standalone,EOG,B3,2022|2023|2024,888,296,31,0.67317728797455023,1.1718033332260236,0.42552024824740431,0.33034510343100193,2022:+|2023:+|2024:-,2022:0.43675851704963564|2023:0.57809182704875517|2024:-0.023815033805384855,2,1,0.027533298594663008,0.036326276278026405,0.020603780939243165,0.027568871988854098,-0.0005615158167246321,-0.0005615158167246321
P2,full_recursive_source_defined_history,conditional,Black Marble,B0,2022|2023|2024,888,296,31,0.60631415894812624,0.49540078656149755,-0.22388614510780602,-0.1514812344975468,2022:-|2023:+|2024:-,2022:-0.36443987555139223|2023:0.016650958694282125|2024:-0.1066547866355303,1,2,0.026130178243396536,0.023619563261210719,0.020147506216111045,0.017312961726734671,0.00012490244638133853,0.00012490244638133853
P2,full_recursive_source_defined_history,conditional,Black Marble,B1,2022|2023|2024,888,296,31,0.64353868137950798,0.56535601757702136,-0.13828925733833786,-0.090183538749989564,2022:-|2023:+|2024:-,2022:-0.24583509871198084|2023:0.030097140930318123|2024:-0.054812658468305964,1,2,0.026920358880858565,0.025232165621604997,0.020406154907949892,0.018731283524813493,8.8043540318115659e-05,8.8043540318115659e-05
P2,full_recursive_source_defined_history,conditional,Black Marble,B2,2022|2023|2024,888,296,31,0.63941529118036122,0.57442714524863525,-0.11313557597212176,-0.073437190982588121,2022:-|2023:+|2024:-,2022:-0.20562273150512|2023:0.033920721395333087|2024:-0.04860956283797746,1,2,0.026833975941756173,0.025433784929116136,0.020427830456071806,0.019176920185096476,7.318484902221402e-05,7.3184849022214034e-05
P2,full_recursive_source_defined_history,conditional,Black Marble,B3,2022|2023|2024,888,296,31,1.443452562499794,1.2291299237814788,-0.17436939299219167,-0.11673416425390397,2022:-|2023:+|2024:-,2022:-0.34155261451205288|2023:0.10061757375669977|2024:-0.10926745200635879,1,2,0.040317609582597065,0.037204237924915722,0.031245683458503096,0.028526750564943134,0.00024135432288098569,0.00024135432288098569
P2,full_recursive_source_defined_history,conditional,EOG,B0,2022|2023|2024,888,296,31,0.44017917632517772,0.49540078656149755,0.11146855583255066,0.077492322330785138,2022:+|2023:+|2024:+,2022:0.17606446724188285|2023:0.011976535349995543|2024:0.044435964400477035,3,0,0.022264259939114558,0.023619563261210719,0.016728456040063837,0.017312961726734671,-6.2186498013873661e-05,-6.2186498013873661e-05
P2,full_recursive_source_defined_history,conditional,EOG,B1,2022|2023|2024,888,296,31,0.52120606409909098,0.56535601757702136,0.078092303089204451,0.056635715246258732,2022:+|2023:+|2024:+,2022:0.12644092673065754|2023:0.001203602759304534|2024:0.042262616248814111,3,0,0.024226922336057354,0.025232165621604997,0.018218204978248623,0.018731283524813493,-4.9718416078750468e-05,-4.9718416078750468e-05
P2,full_recursive_source_defined_history,conditional,EOG,B2,2022|2023|2024,888,296,31,0.53517141020419134,0.57442714524863525,0.068338927519611681,0.049910746452351863,2022:+|2023:-|2024:+,2022:0.11227146173076896|2023:-0.0039672451301684397|2024:0.041428022756455074,2,1,0.024549348402487223,0.025433784929116136,0.018661856187209915,0.019176920185096476,-4.4206908833833301e-05,-4.4206908833833301e-05
P2,full_recursive_source_defined_history,conditional,EOG,B3,2022|2023|2024,888,296,31,1.1900100528946624,1.2291299237814788,0.031827287034443152,-0.024105126828815788,2022:+|2023:-|2024:-,2022:0.11896570057626943|2023:-0.076801086113124084|2024:-0.11447999494959271,1,2,0.036607395576814979,0.037204237924915722,0.028434332165072081,0.028526750564943134,-4.4053908656324594e-05,-4.4053908656324581e-05
P4,full_recursive_source_defined_history,standalone,Black Marble,B0,2022|2023|2024,888,296,31,0.80315588253129566,0.72001501740776042,-0.11547101534474069,-0.053309538345942174,2022:-|2023:-|2024:+,2022:-0.20019019193632781|2023:-0.046068559384069507|2024:0.086330136282570802,1,2,0.030074155394131653,0.028475036827123445,0.022503551646528615,0.021333055774592172,9.3627100364341556e-05,9.362710036434157e-05
P4,full_recursive_source_defined_history,standalone,Black Marble,B1,2022|2023|2024,888,296,31,0.80315588253129566,0.79622360707204098,-0.0087064430113379387,0.060207309194203473,2022:-|2023:+|2024:+,2022:-0.11368830967737842|2023:0.1644623121026163|2024:0.12984792515737253,2,1,0.030074155394131653,0.029944084660617168,0.022503551646528615,0.023119675121977365,7.8066165081697912e-06,7.8066165081697828e-06
P4,full_recursive_source_defined_history,standalone,Black Marble,B2,2022|2023|2024,888,296,31,0.80315588253129566,0.80705048511780486,0.004825723617452149,0.071623667296564039,2022:-|2023:+|2024:+,2022:-0.10139137433880396|2023:0.20054833215903833|2024:0.11571404406945773,2,1,0.030074155394131653,0.030146983868936612,0.022503551646528615,0.02341274348948489,-4.3858137235462078e-06,-4.3858137235462129e-06
P4,full_recursive_source_defined_history,standalone,Black Marble,B3,2022|2023|2024,888,296,31,0.80315588253129566,1.1791860035432526,0.31888957287658659,0.27641016217252068,2022:+|2023:+|2024:+,2022:0.27504763234481999|2023:0.54447402984796489|2024:0.0097088243247771544,3,0,0.030074155394131653,0.036440529169488083,0.022503551646528615,0.027619424838111358,-0.00042345734348193362,-0.00042345734348193362
P4,full_recursive_source_defined_history,standalone,EOG,B0,2022|2023|2024,888,296,31,0.68306544889250165,0.72001501740776042,0.05131777479904065,0.046144137674576889,2022:+|2023:+|2024:+,2022:0.058357311063635176|2023:0.017916542496402288|2024:0.062158559463693197,3,0,0.027734776866813193,0.028475036827123445,0.020694302521236541,0.021333055774592172,-4.1609874454120206e-05,-4.1609874454120206e-05
P4,full_recursive_source_defined_history,standalone,EOG,B1,2022|2023|2024,888,296,31,0.68306544889250165,0.79622360707204098,0.1421185671643882,0.14954074480488863,2022:+|2023:+|2024:+,2022:0.12622477536690557|2023:0.21556982662017965|2024:0.10682763242758064,3,0,0.027734776866813193,0.029944084660617168,0.020694302521236541,0.023119675121977365,-0.00012743035831029199,-0.00012743035831029199
P4,full_recursive_source_defined_history,standalone,EOG,B2,2022|2023|2024,888,296,31,0.68306544889250165,0.80705048511780486,0.15362736100357488,0.15921369231163388,2022:+|2023:+|2024:+,2022:0.13587267895392818|2023:0.24944856528088655|2024:0.092319832700086923,3,0,0.027734776866813193,0.030146983868936612,0.020694302521236541,0.02341274348948489,-0.00013962278854200798,-0.00013962278854200795
P4,full_recursive_source_defined_history,standalone,EOG,B3,2022|2023|2024,888,296,31,0.68306544889250165,1.1791860035432526,0.42073138008761424,0.32902195995604844,2022:+|2023:+|2024:-,2022:0.43121840070342499|2023:0.57233728541368101|2024:-0.016489806248960681,2,1,0.027734776866813193,0.036440529169488083,0.020694302521236541,0.027619424838111358,-0.00055869431830039536,-0.00055869431830039536
P4,full_recursive_source_defined_history,conditional,Black Marble,B0,2022|2023|2024,888,296,31,0.6168292460496535,0.50399658241301126,-0.22387585069808869,-0.15125845331943213,2022:-|2023:+|2024:-,2022:-0.35590327363512309|2023:0.0118120051416718|2024:-0.10968409146484515,1,2,0.026355787397366739,0.023823595843901719,0.020319594203480389,0.017558230431974284,0.0001270638104016241,0.0001270638104016241
P4,full_recursive_source_defined_history,conditional,Black Marble,B1,2022|2023|2024,888,296,31,0.65680051397815142,0.57725390432915358,-0.13780176981469139,-0.09001534255577566,2022:-|2023:+|2024:-,2022:-0.2406472571314584|2023:0.027201464083144722|2024:-0.056600234619013312,1,2,0.027196327296969056,0.02549628802538462,0.020563995784300279,0.018941819715223573,8.9579515370493098e-05,8.9579515370493098e-05
P4,full_recursive_source_defined_history,conditional,Black Marble,B2,2022|2023|2024,888,296,31,0.65334959118090841,0.58721514799195518,-0.11262387119117578,-0.073341208606495401,2022:-|2023:+|2024:-,2022:-0.20125561731642372|2023:0.031233775519129758|2024:-0.050001784022192242,1,2,0.027124786526766337,0.025715332387716873,0.020599168273877894,0.019385520741599375,7.4475724311884214e-05,7.4475724311884241e-05
P4,full_recursive_source_defined_history,conditional,Black Marble,B3,2022|2023|2024,888,296,31,1.4541448635059608,1.2365637612030711,-0.17595623382267145,-0.11914198205494404,2022:-|2023:+|2024:-,2022:-0.33805924135094867|2023:0.099994866085393097|2024:-0.11936157089927657,1,2,0.040466659387280439,0.037316574844317725,0.031274075380185708,0.028563424559563323,0.00024502376385460546,0.00024502376385460546
P4,full_recursive_source_defined_history,conditional,EOG,B0,2022|2023|2024,888,296,31,0.44869808954853913,0.50399658241301126,0.10971997587705173,0.076341649725065408,2022:+|2023:+|2024:+,2022:0.16888299657470818|2023:0.018599361629423328|2024:0.041542590971064719,3,0,0.022478670809980957,0.023823595843901719,0.016944589060306034,0.017558230431974284,-6.2273077550081284e-05,-6.2273077550081284e-05
P4,full_recursive_source_defined_history,conditional,EOG,B1,2022|2023|2024,888,296,31,0.53304733781060787,0.57725390432915358,0.076580801250568653,0.055532619072294932,2022:+|2023:+|2024:+,2022:0.12156316087915775|2023:0.0054297955060841341|2024:0.03960490083164292,3,0,0.024500582310845277,0.02549628802538462,0.018427990914344088,0.018941819715223573,-4.9782169502866806e-05,-4.9782169502866799e-05
P4,full_recursive_source_defined_history,conditional,EOG,B2,2022|2023|2024,888,296,31,0.54780331296260187,0.58721514799195518,0.067116516261759074,0.049344105417357377,2022:+|2023:-|2024:+,2022:0.10788291904066538|2023:-0.0006778970915142235|2024:0.04082729430292098,2,1,0.024837383572059935,0.025715332387716873,0.018872660240991653,0.019385520741599375,-4.4382697105127729e-05,-4.4382697105127729e-05
P4,full_recursive_source_defined_history,conditional,EOG,B3,2022|2023|2024,888,296,31,1.1971928637951414,1.2365637612030711,0.031838954563592536,-0.022528079581604004,2022:+|2023:-|2024:-,2022:0.11655465632437134|2023:-0.078321327500876059|2024:-0.10581756756830729,1,2,0.036717709105164302,0.037316574844317725,0.028499920087234235,0.028563424559563323,-4.4336596180100815e-05,-4.4336596180100835e-05
P3,recursive_P1_fit_official_target_subset,standalone,Black Marble,B0,2022|2023|2024,482,166,17,0.49758400801571501,0.44916728593332073,-0.10779218255352152,-0.05834979583102836,2022:-|2023:-|2024:+,2022:-0.19194501647550033|2023:-0.069072151636798029|2024:0.085967780619213285,1,2,0.032129923231118726,0.030526747877250966,0.02429419318652952,0.023082946784224075,0.00010044963087633666,0.00010302481854039282
P3,recursive_P1_fit_official_target_subset,standalone,Black Marble,B1,2022|2023|2024,482,166,17,0.49758400801571501,0.44288253075445028,-0.12351238412605881,-0.072494246230405346,2022:-|2023:+|2024:-,2022:-0.20011269286439615|2023:0.048766763117351508|2024:-0.066136808944171399,1,2,0.032129923231118726,0.03031243020283534,0.02429419318652952,0.022981338872718395,0.00011348854203581877,0.00011482365395564647
P3,recursive_P1_fit_official_target_subset,standalone,Black Marble,B2,2022|2023|2024,482,166,17,0.49758400801571501,0.45680288355630749,-0.089275102954512464,-0.037925003006204383,2022:-|2023:+|2024:-,2022:-0.16938323527202859|2023:0.099967978150844683|2024:-0.044359751897429245,1,2,0.032129923231118726,0.030785123433334113,0.02429419318652952,0.023637200045207297,8.460814203196567e-05,8.5638784038865917e-05
P3,recursive_P1_fit_official_target_subset,standalone,Black Marble,B3,2022|2023|2024,482,166,17,0.49758400801571501,0.63993019852393851,0.22244018306458879,0.14807750980797285,2022:+|2023:+|2024:-,2022:0.24311555457425416|2023:0.38692815982404127|2024:-0.18581118497437688,2,1,0.032129923231118726,0.03643701433343767,0.02429419318652952,0.028281997370069471,-0.00029532404669755914,-0.00030177424828528002
P3,recursive_P1_fit_official_target_subset,standalone,EOG,B0,2022|2023|2024,482,166,17,0.42821038243771953,0.44916728593332073,0.046657234736174114,0.038488781809282946,2022:+|2023:+|2024:+,2022:0.056238615535827541|2023:0.0052271999000628178|2024:0.054000529991958479,3,0,0.029806094730202549,0.030526747877250966,0.02251161233269889,0.023082946784224075,-4.3479052895438241e-05,-4.3660209409203816e-05
P3,recursive_P1_fit_official_target_subset,standalone,EOG,B1,2022|2023|2024,482,166,17,0.42821038243771953,0.44288253075445028,0.033128758300167704,0.020408094177852571,2022:+|2023:+|2024:-,2022:0.049771591075728927|2023:0.11487643827115823|2024:-0.10342374681332944,2,1,0.029806094730202549,0.03031243020283534,0.02251161233269889,0.022981338872718395,-3.0440141735956091e-05,-3.1861373993950154e-05
P3,recursive_P1_fit_official_target_subset,standalone,EOG,B2,2022|2023|2024,482,166,17,0.42821038243771953,0.45680288355630749,0.062592645860703122,0.051912268457033083,2022:+|2023:+|2024:-,2022:0.074102642458418244|2023:0.16251922455962842|2024:-0.08088506164694742,2,1,0.029806094730202549,0.030785123433334113,0.02251161233269889,0.023637200045207297,-5.9320541739809189e-05,-6.1046243910730722e-05
P3,recursive_P1_fit_official_target_subset,standalone,EOG,B3,2022|2023|2024,482,166,17,0.42821038243771953,0.63993019852393851,0.33084829654010928,0.20098813787847739,2022:+|2023:+|2024:-,2022:0.40071202763480696|2023:0.42953598577932717|2024:-0.22728359977870194,2,1,0.029806094730202549,0.03643701433343767,0.02251161233269889,0.028281997370069471,-0.000439252730469334,-0.00044845927623487683
P3,recursive_P1_fit_official_target_subset,conditional,Black Marble,B0,2022|2023|2024,482,166,17,0.35404750507206745,0.29053026711588625,-0.21862520069499514,-0.13626365936763693,2022:-|2023:-|2024:+,2022:-0.35212362083931259|2023:-0.12403417769072389|2024:0.067366820427125718,1,2,0.02710236875746657,0.024551168817022167,0.020776557737946108,0.018199401172262649,0.00013177850198377834,0.00013446025620141827
P3,recursive_P1_fit_official_target_subset,conditional,Black Marble,B1,2022|2023|2024,482,166,17,0.36395264270700856,0.31731631715449504,-0.14697109171920464,-0.097793506394377713,2022:-|2023:-|2024:-,2022:-0.23424419402053265|2023:-0.0069273888066301303|2024:-0.052208936355970348,0,3,0.027478873163695974,0.025657993066573747,0.020624195616740736,0.019048217836401735,9.675586214214422e-05,9.8030305560319094e-05
P3,recursive_P1_fit_official_target_subset,conditional,Black Marble,B2,2022|2023|2024,482,166,17,0.36896497137121886,0.330986749684402,-0.11474242314240479,-0.075038577377605623,2022:-|2023:+|2024:-,2022:-0.18745583075088512|2023:0.0088384651335658981|2024:-0.046498366515497658,1,2,0.027667444632119686,0.0262048564472298,0.020872844342296953,0.019691913785816407,7.8792991051487201e-05,7.9795057344988246e-05
P3,recursive_P1_fit_official_target_subset,conditional,Black Marble,B3,2022|2023|2024,482,166,17,0.80736171196946993,0.66846503861595308,-0.20778449930769805,-0.1361613647223083,2022:-|2023:+|2024:-,2022:-0.33658423169534846|2023:0.05730759156403098|2024:-0.12920745403560741,1,2,0.040927060714053803,0.037240528011685259,0.032072128529650037,0.029266620921956133,0.00028816737210273196,0.00029200902965648037
P3,recursive_P1_fit_official_target_subset,conditional,EOG,B0,2022|2023|2024,482,166,17,0.26068808763761697,0.29053026711588625,0.10271624975433591,0.04804721804918044,2022:+|2023:-|2024:+,2022:0.16890685419344986|2023:-0.085252502133925434|2024:0.060487302088016892,2,1,0.023256110054130457,0.024551168817022167,0.017719861193042152,0.018199401172262649,-6.1913235432093947e-05,-6.2547274854649683e-05
P3,recursive_P1_fit_official_target_subset,conditional,EOG,B1,2022|2023|2024,482,166,17,0.29708999926810797,0.31731631715449504,0.063741814690668086,0.035512774859003136,2022:+|2023:-|2024:+,2022:0.11389364103193977|2023:-0.051057502158917911|2024:0.043702185703987539,2,1,0.02482678579855558,0.025657993066573747,0.018587688628582785,0.019048217836401735,-4.1963315116985604e-05,-4.2371413510699096e-05
P3,recursive_P1_fit_official_target_subset,conditional,EOG,B2,2022|2023|2024,482,166,17,0.31191745382315683,0.330986749684402,0.057613472078347105,0.035490963259693475,2022:+|2023:-|2024:+,2022:0.098923371310014829|2023:-0.038467233101825649|2024:0.046016751570891246,2,1,0.025438782339884312,0.0262048564472298,0.019298987981267002,0.019691913785816407,-3.956285448391115e-05,-3.9906203736130018e-05
P3,recursive_P1_fit_official_target_subset,conditional,EOG,B3,2022|2023|2024,482,166,17,0.66767727414557909,0.66846503861595308,0.0011784677206231331,-0.062516381662790235,2022:+|2023:-|2024:-,2022:0.1045708184618922|2023:-0.19712742163578612|2024:-0.094992541814476805,1,2,0.037218578162901472,0.037240528011685259,0.029688064351777895,0.029266620921956133,-1.634366121107783e-06,-2.4132647757092572e-06
