source_panel,fit_regime,analysis,product,benchmark,target_year,N,N_provinces,model_SSE,baseline_SSE,model_RMSE,baseline_RMSE,model_MAE,baseline_MAE,mean_delta_loss,conditional_skill,standalone_skill
P1,full_recursive_source_defined_history,conditional,Black Marble,B0,2022,296,31,0.39393198037913774,0.29047644896358049,0.036480834489696842,0.031326336437679576,0.031320867502352523,0.025205696675928219,0.00034951193045796349,-0.35615806990441534,
P1,full_recursive_source_defined_history,conditional,Black Marble,B0,2023,296,31,0.11383154888854054,0.11518520788219866,0.019610355518000347,0.019726611868697543,0.01514135490329333,0.015219692014978843,-4.5731722758720179e-06,0.011752021101898102,
P1,full_recursive_source_defined_history,conditional,Black Marble,B0,2024,296,31,0.10888831391472337,0.098135063221369709,0.01917983121374062,0.018208167830615761,0.014479096272512721,0.01223219156507248,3.6328549639708342e-05,-0.10957603062930565,
P1,full_recursive_source_defined_history,conditional,Black Marble,B1,2022,296,31,0.40045137547663012,0.32271725900615095,0.036781466372374672,0.033019100686661883,0.030839407876846917,0.026919512051212159,0.00026261525834621362,-0.24087375032209724,
P1,full_recursive_source_defined_history,conditional,Black Marble,B1,2023,296,31,0.14582773710702368,0.149900882852777,0.022195974274859285,0.022503819709765983,0.016780957138926422,0.017046336760655575,-1.3760627519436872e-05,0.027172259884244321,
P1,full_recursive_source_defined_history,conditional,Black Marble,B1,2024,296,31,0.1103282401870548,0.10442735003017541,0.019306230630873611,0.018782840611933416,0.014059794138453449,0.012848535218067095,1.9935439719187146e-05,-0.056507132998915077,
P1,full_recursive_source_defined_history,conditional,Black Marble,B2,2022,296,31,0.39359204788725083,0.32761369135500529,0.036465091039019161,0.033268649075886406,0.030539916569707327,0.027468998790128776,0.00022289985314947826,-0.2013907180110821,
P1,full_recursive_source_defined_history,conditional,Black Marble,B2,2023,296,31,0.15268478370198169,0.15760114796478505,0.022711824496639506,0.023074581484651923,0.017318605844982828,0.017577347720929282,-1.6609338725687151e-05,0.031194977487739473,
P1,full_recursive_source_defined_history,conditional,Black Marble,B2,2024,296,31,0.10703570094201405,0.10195042087834666,0.019015969546070335,0.018558747198072986,0.01392940294937685,0.013102655316779465,1.7180000215092563e-05,-0.049879932028288998,
P1,full_recursive_source_defined_history,conditional,Black Marble,B3,2022,296,31,0.95894421573887934,0.71665810271229802,0.05691815531553391,0.049205103789067436,0.050949819765678972,0.043101896583204,0.00081853416563034277,-0.3380776860118011,
P1,full_recursive_source_defined_history,conditional,Black Marble,B3,2023,296,31,0.35598350192312667,0.39553727132822725,0.034679200768710186,0.0365550894582145,0.027263091950589041,0.028755670965461222,-0.00013362759934155565,0.10000010687305827,
P1,full_recursive_source_defined_history,conditional,Black Marble,B3,2024,296,31,0.13948818466184437,0.12464016736758363,0.02170815208857782,0.02052027403598955,0.015643536927599223,0.013858526441078878,5.0162220588718771e-05,-0.11912706479662849,
P1,full_recursive_source_defined_history,conditional,EOG,B0,2022,296,31,0.2413948634193481,0.29047644896358049,0.028557366601763674,0.031326336437679576,0.022565467940413152,0.025205696675928219,-0.00016581616737916362,0.16896924249575285,
P1,full_recursive_source_defined_history,conditional,EOG,B0,2023,296,31,0.11305998597711002,0.11518520788219866,0.019543781928911076,0.019726611868697543,0.01545300301768565,0.015219692014978843,-7.1798037334075848e-06,0.018450475926232945,
P1,full_recursive_source_defined_history,conditional,EOG,B0,2024,296,31,0.094056044660403265,0.098135063221369709,0.017825737225609983,0.018208167830615761,0.012800932879257492,0.01223219156507248,-1.3780468111373091e-05,0.041565353168063202,
P1,full_recursive_source_defined_history,conditional,EOG,B1,2022,296,31,0.28345768822620687,0.32271725900615095,0.030945554205548439,0.033019100686661883,0.024969502522391995,0.026919512051212159,-0.00013263368506737845,0.12165314895413071,
P1,full_recursive_source_defined_history,conditional,EOG,B1,2023,296,31,0.14909814672217489,0.149900882852777,0.022443483578590974,0.022503819709765983,0.017157461142281932,0.017046336760655575,-2.7119463871693169e-06,0.0053551127606800142,
P1,full_recursive_source_defined_history,conditional,EOG,B1,2024,296,31,0.10028921185586379,0.10442735003017541,0.018406925460773146,0.018782840611933416,0.013145319243104253,0.012848535218067095,-1.3980196534836575e-05,0.039626957622843628,
P1,full_recursive_source_defined_history,conditional,EOG,B2,2022,296,31,0.2922532833013371,0.32761369135500529,0.031422001421222805,0.033268649075886406,0.025703630357115682,0.027468998790128776,-0.0001194608380191492,0.10793324267803972,
P1,full_recursive_source_defined_history,conditional,EOG,B2,2023,296,31,0.15771853921517853,0.15760114796478505,0.023083173584972701,0.023074581484651923,0.017610621595396343,0.017577347720929282,3.965920621400939e-07,-0.00074486291444841868,
P1,full_recursive_source_defined_history,conditional,EOG,B2,2024,296,31,0.097787845423043307,0.10195042087834666,0.018175927559423662,0.018558747198072986,0.013294439484139282,0.013102655316779465,-1.4062754916565332e-05,0.040829409230888625,
P1,full_recursive_source_defined_history,conditional,EOG,B3,2022,296,31,0.63313098036225757,0.71665810271229802,0.046248848793644118,0.049205103789067436,0.039981839447578861,0.043101896583204,-0.0002821862241555423,0.11655086579488849,
P1,full_recursive_source_defined_history,conditional,EOG,B3,2023,296,31,0.42648542230722919,0.39553727132822725,0.037958255089193906,0.0365550894582145,0.030415358804339918,0.028755670965461222,0.00010455456411824997,-0.078243324263923331,
P1,full_recursive_source_defined_history,conditional,EOG,B3,2024,296,31,0.13781775437163435,0.12464016736758363,0.021577778419610109,0.02052027403598955,0.015139119585148316,0.013858526441078878,4.451887501368483e-05,-0.10572504259552162,
P2,full_recursive_source_defined_history,conditional,Black Marble,B0,2022,296,31,0.38342590742627486,0.28101341385330464,0.035991079385856668,0.030811842551140941,0.030998959338555794,0.024732233813153693,0.00034598815396273723,-0.36443987555139223,
P2,full_recursive_source_defined_history,conditional,Black Marble,B0,2023,296,31,0.11455570813478021,0.11649546938355682,0.019672633974187736,0.019838492254817368,0.015024047158133543,0.015026902686246287,-6.5532474620831623e-06,0.016650958694282125,
P2,full_recursive_source_defined_history,conditional,Black Marble,B0,2024,296,31,0.10833254338707107,0.097891903324636056,0.019130821264483615,0.018185595662783691,0.014419512151643795,0.012179748680804035,3.5272432643361509e-05,-0.1066547866355303,
P2,full_recursive_source_defined_history,conditional,Black Marble,B1,2022,296,31,0.38999855437482728,0.31304187430425678,0.036298246289576314,0.032520361309132821,0.030509688611502564,0.02647683030766057,0.00025998878402219754,-0.24583509871198084,
P2,full_recursive_source_defined_history,conditional,Black Marble,B1,2023,296,31,0.14397254725557607,0.14844017203297313,0.022054336098107724,0.022393906931997446,0.016703752875642967,0.016931257589920708,-1.5093326950665751e-05,0.030097140930318123,
P2,full_recursive_source_defined_history,conditional,Black Marble,B1,2024,296,31,0.10956757974910469,0.10387397123979138,0.019239561907580534,0.018733007727346099,0.014005023236704144,0.012785762676859188,1.9235163882815204e-05,-0.054812658468305964,
P2,full_recursive_source_defined_history,conditional,Black Marble,B2,2022,296,31,0.38289979330468032,0.31759503474744682,0.035966378505294112,0.032756010112208481,0.030185488580545632,0.027017135445802431,0.00022062418431497804,-0.20562273150512,
P2,full_recursive_source_defined_history,conditional,Black Marble,B2,2023,296,31,0.14984664713734119,0.15510802317773398,0.022499748282176133,0.022891343163228078,0.017231937823781927,0.017473864785745769,-1.7774919055381122e-05,0.033920721395333087,
P2,full_recursive_source_defined_history,conditional,Black Marble,B2,2024,296,31,0.10666885073833977,0.10172408732345441,0.018983354260532506,0.018538135212955817,0.013866064963887849,0.013039760323741236,1.6705281807045161e-05,-0.04860956283797746,
P2,full_recursive_source_defined_history,conditional,Black Marble,B3,2022,296,31,0.94685696271596564,0.70579189550486232,0.056558298155590228,0.048830646928013546,0.050827990578698627,0.042861955905468797,0.0008144090108483219,-0.34155261451205288,
P2,full_recursive_source_defined_history,conditional,Black Marble,B3,2023,296,31,0.35963397733567792,0.39986769458889787,0.034856558251799244,0.036754651047331971,0.027343977487687306,0.028884234034193226,-0.00013592472045006722,0.10061757375669977,
P2,full_recursive_source_defined_history,conditional,Black Marble,B3,2024,296,31,0.13696162244815052,0.12347033368771862,0.021510652801494761,0.020423748571252832,0.015565082309123351,0.013834061755167383,4.5578678244702382e-05,-0.10926745200635879,
P2,full_recursive_source_defined_history,conditional,EOG,B0,2022,296,31,0.23153693685539981,0.28101341385330464,0.027968185162220351,0.030811842551140941,0.022074816557722275,0.024732233813153693,-0.0001671502601280569,0.17606446724188285,
P2,full_recursive_source_defined_history,conditional,EOG,B0,2023,296,31,0.11510025727637033,0.11649546938355682,0.019719336209119163,0.019838492254817368,0.015363194000513853,0.015026902686246287,-4.7135544161706025e-06,0.011976535349995543,
P2,full_recursive_source_defined_history,conditional,EOG,B0,2024,296,31,0.093541982193407591,0.097891903324636056,0.017776957279378929,0.018185595662783691,0.012747357561955388,0.012179748680804035,-1.4695679497393493e-05,0.044435964400477035,
P2,full_recursive_source_defined_history,conditional,EOG,B1,2022,296,31,0.27346056961172455,0.31304187430425678,0.030394954774029287,0.032520361309132821,0.024515433669210173,0.02647683030766057,-0.00013372062396125759,0.12644092673065754,
P2,full_recursive_source_defined_history,conditional,EOG,B1,2023,296,31,0.1482615090323226,0.14844017203297313,0.022380426190324199,0.022393906931997446,0.017072511049559719,0.016931257589920708,-6.0359121841387908e-07,0.001203602759304534,
P2,full_recursive_source_defined_history,conditional,EOG,B1,2024,296,31,0.099483985455043722,0.10387397123979138,0.018332881537178731,0.018733007727346099,0.013066670215975974,0.012785762676859188,-1.4831033056579918e-05,0.042262616248814111,
P2,full_recursive_source_defined_history,conditional,EOG,B2,2022,296,31,0.28193817595791659,0.31759503474744682,0.030862498889358655,0.032756010112208481,0.025241274749160467,0.027017135445802431,-0.00012046236077543988,0.11227146173076896,
P2,full_recursive_source_defined_history,conditional,EOG,B2,2023,296,31,0.15572337472733591,0.15510802317773398,0.02293670600123186,0.022891343163228078,0.017520577930718415,0.017473864785745769,2.0788903702767965e-06,-0.0039672451301684397,
P2,full_recursive_source_defined_history,conditional,EOG,B2,2024,296,31,0.097509859518938716,0.10172408732345441,0.018150074409695835,0.018538135212955817,0.01322371588175086,0.013039760323741236,-1.4237256096336801e-05,0.041428022756455074,
P2,full_recursive_source_defined_history,conditional,EOG,B3,2022,296,31,0.62182686819507327,0.70579189550486232,0.045834118804717709,0.048830646928013546,0.039726400025107161,0.042861955905468797,-0.00028366563280334152,0.11896570057626943,
P2,full_recursive_source_defined_history,conditional,EOG,B3,2023,296,31,0.43057796783487617,0.39986769458889787,0.038139943585949972,0.036754651047331971,0.030477279683233046,0.028884234034193226,0.00010375092312830508,-0.076801086113124084,
P2,full_recursive_source_defined_history,conditional,EOG,B3,2024,296,31,0.13760521686471316,0.12347033368771862,0.021561133769071948,0.020423748571252832,0.015099316786876033,0.013834061755167383,4.7752983706062692e-05,-0.11447999494959271,
P4,full_recursive_source_defined_history,conditional,Black Marble,B0,2022,296,31,0.3940190286608225,0.29059523368836854,0.036484864904469269,0.031332740932650566,0.031333449931713948,0.025218279105289648,0.00034940471274477687,-0.35590327363512309,
P4,full_recursive_source_defined_history,conditional,Black Marble,B0,2023,296,31,0.11385157160004429,0.11521246179110549,0.019612080150712915,0.01972894548207825,0.015138259196065151,0.015215936732614878,-4.5976019968283396e-06,0.0118120051416718,
P4,full_recursive_source_defined_history,conditional,Black Marble,B0,2024,296,31,0.10895864578878675,0.098188886933537306,0.019186024420661658,0.018213160423531709,0.014487073482662058,0.012240475458018332,3.6384320456923776e-05,-0.10968409146484515,
P4,full_recursive_source_defined_history,conditional,Black Marble,B1,2022,296,31,0.40063315915576264,0.3229226976909455,0.036789813842329405,0.033029608834600328,0.030851990306208343,0.026932094480573588,0.00026253534278654458,-0.2406472571314584,
P4,full_recursive_source_defined_history,conditional,Black Marble,B1,2023,296,31,0.1457898015494018,0.14986638668405891,0.022193087062023924,0.022501230197905134,0.016776695564527839,0.017041833693215741,-1.3772247076544392e-05,0.027201464083144722,
P4,full_recursive_source_defined_history,conditional,Black Marble,B1,2024,296,31,0.110377553272987,0.10446481995414918,0.019310544773148346,0.018786210076390815,0.01406330148216465,0.012851530971881388,1.9975450401479125e-05,-0.056600234619013312,
P4,full_recursive_source_defined_history,conditional,Black Marble,B2,2022,296,31,0.39368963759948128,0.32773177658804586,0.036469611451970627,0.033274644219474195,0.030552498999068759,0.027481581219490205,0.00022283061152511994,-0.20125561731642372,
P4,full_recursive_source_defined_history,conditional,Black Marble,B2,2023,296,31,0.15262180733821926,0.15754245294834079,0.022707140154155706,0.023070284279075703,0.017314014148701495,0.017572652576669404,-1.6623802736897089e-05,0.031233775519129758,
P4,full_recursive_source_defined_history,conditional,Black Marble,B2,2024,296,31,0.10703814624320782,0.10194091845556857,0.019016186761013791,0.018557882281724017,0.013930991673863436,0.013102328428638517,1.7220364147429869e-05,-0.050001784022192242,
P4,full_recursive_source_defined_history,conditional,Black Marble,B3,2022,296,31,0.95883626433121316,0.71658730398449366,0.05691495149626033,0.049202673240400951,0.050937237336317547,0.043089314153842581,0.00081840864981999866,-0.33805924135094867,
P4,full_recursive_source_defined_history,conditional,Black Marble,B3,2023,296,31,0.35586010002923052,0.39539785565600427,0.034673189464863474,0.03654864657419505,0.02724630205542633,0.028749993066692611,-0.00013357349873910048,0.099994866085393097,
P4,full_recursive_source_defined_history,conditional,Black Marble,B3,2024,296,31,0.13944849914551699,0.12457860156257319,0.021705063796509109,0.020515205432254685,0.01563868674881325,0.013850966458154781,5.0236140482918231e-05,-0.11936157089927657,
P4,full_recursive_source_defined_history,conditional,EOG,B0,2022,296,31,0.24151863983274927,0.29059523368836854,0.028564687129151532,0.031332740932650566,0.022578050369774585,0.025218279105289648,-0.00016579930356628111,0.16888299657470818,
P4,full_recursive_source_defined_history,conditional,EOG,B0,2023,296,31,0.1130695835500366,0.11521246179110549,0.019544611439414477,0.01972894548207825,0.015449078312664099,0.015215936732614878,-7.239453517124633e-06,0.018599361629423328,
P4,full_recursive_source_defined_history,conditional,EOG,B0,2024,296,31,0.094109866165753245,0.098188886933537306,0.017830836689467593,0.018213160423531709,0.012806638498479414,0.012240475458018332,-1.3780475566838092e-05,0.041542590971064719,
P4,full_recursive_source_defined_history,conditional,EOG,B1,2022,296,31,0.28366719384000949,0.3229226976909455,0.030956988133931187,0.033029608834600328,0.024982084951753421,0.026932094480573588,-0.00013261994544235139,0.12156316087915775,
P4,full_recursive_source_defined_history,conditional,EOG,B1,2023,296,31,0.14905264285112874,0.14986638668405891,0.022440058508132455,0.022501230197905134,0.017152942023306805,0.017041833693215741,-2.7491345707100858e-06,0.0054297955060841341,
P4,full_recursive_source_defined_history,conditional,EOG,B1,2024,296,31,0.10032750111946967,0.10446481995414918,0.018410438901306749,0.018786210076390815,0.013148945767972037,0.012851530971881388,-1.397742849553891e-05,0.03960490083164292,
P4,full_recursive_source_defined_history,conditional,EOG,B2,2022,296,31,0.29237511586734427,0.32773177658804586,0.031428550234175762,0.033274644219474195,0.025716212786477104,0.027481581219490205,-0.00011944817811047819,0.10788291904066538,
P4,full_recursive_source_defined_history,conditional,EOG,B2,2023,296,31,0.15764925051898449,0.15754245294834079,0.023078102593603607,0.023070284279075703,0.017605868409065386,0.017572652576669404,3.6080260352601754e-07,-0.0006778970915142235,
P4,full_recursive_source_defined_history,conditional,EOG,B2,2024,296,31,0.097778946576273007,0.10194091845556857,0.018175100521699881,0.018557882281724017,0.01329589952743246,0.013102328428638517,-1.4060715808431006e-05,0.04082729430292098,
P4,full_recursive_source_defined_history,conditional,EOG,B3,2022,296,31,0.63306571704217318,0.71658730398449366,0.046246465060022501,0.049202673240400951,0.039969257018217436,0.043089314153842581,-0.00028216752345378531,0.11655465632437134,
P4,full_recursive_source_defined_history,conditional,EOG,B3,2023,296,31,0.4263659406019823,0.39539785565600427,0.037952937633425651,0.03654864657419505,0.030398634354733136,0.028749993066692611,0.00010462190860127731,-0.078321327500876059,
P4,full_recursive_source_defined_history,conditional,EOG,B3,2024,296,31,0.13776120615098603,0.12457860156257319,0.021573351159238512,0.020515205432254685,0.015131868888752131,0.013850966458154781,4.4535826312205502e-05,-0.10581756756830729,
P3,recursive_P1_fit_official_target_subset,conditional,Black Marble,B0,2022,158,16,0.23872310755423787,0.17655420249670198,0.03887037103005532,0.033428007140293772,0.033997410164965353,0.027799586792334765,0.00039347408264263204,-0.35212362083931259,
P3,recursive_P1_fit_official_target_subset,conditional,Black Marble,B0,2023,158,16,0.05300984473414392,0.047160349557208471,0.01831680502758689,0.017276667069942145,0.014281892679506757,0.013830601929057374,3.7022121373009095e-05,-0.12403417769072389,
P3,recursive_P1_fit_official_target_subset,conditional,Black Marble,B0,2024,166,17,0.06231455278368566,0.066815715061975783,0.019374954766163389,0.020062510002546136,0.014374523977490549,0.01322012980150988,-2.7115435411386305e-05,0.067366820427125718,
P3,recursive_P1_fit_official_target_subset,conditional,Black Marble,B1,2022,158,16,0.22467452244182673,0.18203409303466336,0.037709291273716507,0.033942812389040719,0.031306842191370955,0.027714150360789388,0.00026987613548837546,-0.23424419402053265,
P3,recursive_P1_fit_official_target_subset,conditional,Black Marble,B1,2023,158,16,0.068201986534332418,0.067732775265118839,0.020776384252856824,0.020704792948615929,0.015329528135021352,0.015342874610201122,2.9696915773012709e-06,-0.0069273888066301303,
P3,recursive_P1_fit_official_target_subset,conditional,Black Marble,B1,2024,166,17,0.071076133730849395,0.067549448854712812,0.020692256530072346,0.020172367007642932,0.015495878166861743,0.014326693082705635,2.1245089615280553e-05,-0.052208936355970348,
P3,recursive_P1_fit_official_target_subset,conditional,Black Marble,B2,2022,158,16,0.22423203226212216,0.18883399824676386,0.037672139275708359,0.034570968855930924,0.031497891156263912,0.028796476201920284,0.00022403818997062183,-0.18745583075088512,
P3,recursive_P1_fit_official_target_subset,conditional,Black Marble,B2,2023,158,16,0.072177367835694339,0.072820993649053117,0.021373319437331614,0.021468403873307042,0.015949161184429787,0.016067508577593138,-4.0735810972072357e-06,0.0088384651335658981,
P3,recursive_P1_fit_official_target_subset,conditional,Black Marble,B2,2024,166,17,0.072555571273402356,0.069331757788585024,0.020906500296774932,0.020436760787793651,0.01544624519974413,0.014475860539761376,1.9420563161550136e-05,-0.046498366515497658,
P3,recursive_P1_fit_official_target_subset,conditional,Black Marble,B3,2022,158,16,0.55207139541415085,0.41304646749714619,0.059111105181562665,0.051129425468277222,0.053514821476322215,0.045914671882082675,0.0008799046070696498,-0.33658423169534846,
P3,recursive_P1_fit_official_target_subset,conditional,Black Marble,B3,2023,158,16,0.16744828070872064,0.17762769617136925,0.032554557975679882,0.033529478450092964,0.026613820016678714,0.027559594344450648,-6.4426680143345611e-05,0.05730759156403098,
P3,recursive_P1_fit_official_target_subset,conditional,Black Marble,B3,2024,166,17,0.087842035846598457,0.077790874947437721,0.023003671242698618,0.021647626396420979,0.016858075875886579,0.015045645907172212,6.0549162043136958e-05,-0.12920745403560741,
P3,recursive_P1_fit_official_target_subset,conditional,EOG,B0,2022,158,16,0.14673298755835071,0.17655420249670198,0.030474412130065867,0.033428007140293772,0.024944737592661782,0.027799586792334765,-0.00018874186669842584,0.16890685419344986,
P3,recursive_P1_fit_official_target_subset,conditional,EOG,B0,2023,158,16,0.05118088735847106,0.047160349557208471,0.017998046194678083,0.017276667069942145,0.01454551896635461,0.013830601929057374,2.5446441780142935e-05,-0.085252502133925434,
P3,recursive_P1_fit_official_target_subset,conditional,EOG,B0,2024,166,17,0.062774212720795197,0.066815715061975783,0.019446282625648469,0.020062510002546136,0.013864533486275456,0.01322012980150988,-2.434639964566616e-05,0.060487302088016892,
P3,recursive_P1_fit_official_target_subset,conditional,EOG,B1,2022,158,16,0.16130156738699869,0.18203409303466336,0.031951463129569591,0.033942812389040719,0.025831404291848107,0.027714150360789388,-0.00013121851675737162,0.11389364103193977,
P3,recursive_P1_fit_official_target_subset,conditional,EOG,B1,2023,158,16,0.07119104158444714,0.067732775265118839,0.021226780550987756,0.020704792948615929,0.016045724929214005,0.015342874610201122,2.1887761514736221e-05,-0.051057502158917911,
P3,recursive_P1_fit_official_target_subset,conditional,EOG,B1,2024,166,17,0.064597390296662144,0.067549448854712812,0.019726654693626569,0.020172367007642932,0.014112527120777645,0.014326693082705635,-1.7783485289461881e-05,0.043702185703987539,
P3,recursive_P1_fit_official_target_subset,conditional,EOG,B2,2022,158,16,0.17015390252224455,0.18883399824676386,0.032816511601404134,0.034570968855930924,0.027094815414436819,0.028796476201920284,-0.00011822845395265416,0.098923371310014829,
P3,recursive_P1_fit_official_target_subset,conditional,EOG,B2,2023,158,16,0.075622215786457808,0.072820993649053117,0.021877422583605036,0.021468403873307042,0.016540447535530686,0.016067508577593138,1.7729254034207057e-05,-0.038467233101825649,
P3,recursive_P1_fit_official_target_subset,conditional,EOG,B2,2024,166,17,0.066141335514454502,0.069331757788585024,0.019961006492848932,0.020436760787793651,0.014504461812505002,0.014475860539761376,-1.921941128994294e-05,0.046016751570891246,
P3,recursive_P1_fit_official_target_subset,conditional,EOG,B3,2022,158,16,0.36985386032817624,0.41304646749714619,0.04838230272803206,0.051129425468277222,0.042827965100589831,0.045914671882082675,-0.00027337093144917684,0.1045708184618922,
P3,recursive_P1_fit_official_target_subset,conditional,EOG,B3,2023,158,16,0.21264298592873607,0.17762769617136925,0.03668571497317813,0.033529478450092964,0.030375187663986249,0.027559594344450648,0.0002216157579580177,-0.19712742163578612,
P3,recursive_P1_fit_official_target_subset,conditional,EOG,B3,2024,166,17,0.085180427888666935,0.077790874947437721,0.022652485686190243,0.021647626396420979,0.016527402896107983,0.015045645907172212,4.4515379164031366e-05,-0.094992541814476805,
