source_panel,product,benchmark,min,max
P1,Black Marble,B0,-0.29388934328470417,-0.0440632840520436
P1,Black Marble,B1,-0.19580021580056001,-0.00718655727053
P1,Black Marble,B2,-0.16543196829559401,-0.00065079861245660004
P1,Black Marble,B3,-0.30563967556527499,0.0474948551647724
P1,EOG,B0,0.029084157984418199,0.13679626680719209
P1,EOG,B1,0.019427156194600101,0.1015995708155242
P1,EOG,B2,0.015585281271617599,0.092007182125823095
P1,EOG,B3,-0.084828242635214393,0.083620206825469806
P2,Black Marble,B0,-0.29783993129451741,-0.039651956672043
P2,Black Marble,B1,-0.1982421379835792,-0.0048589576312051998
P2,Black Marble,B2,-0.1675323596624354,0.0012327610628185999
P2,Black Marble,B3,-0.30696726199550461,0.051099723406021903
P2,EOG,B0,0.026797908691360998,0.14205764788424821
P2,EOG,B1,0.018106986497618702,0.1054680241761983
P2,EOG,B2,0.014012563490954401,0.095085304951354505
P2,EOG,B3,-0.085690612949818695,0.084207554226586795
P4,Black Marble,B0,-0.29371969628038691,-0.044090014990152603
P4,Black Marble,B1,-0.1956612940977282,-0.0072195158763692004
P4,Black Marble,B2,-0.16537026815693309,-0.00068051442588519995
P4,Black Marble,B3,-0.30566961432232742,0.047440336387115499
P4,EOG,B0,0.029155856071374799,0.13672269983242791
P4,EOG,B1,0.0194669884716611,0.10153039313059491
P4,EOG,B2,0.015627877373073099,0.091973804842278295
P4,EOG,B3,-0.084909016401547494,0.083620819495960605
