relative_path,size_bytes,sha256,mutable_on_full_run
CODE_ADAPTATIONS.md,1698,c39c558ccb63daa91dfb37c08c5237b0cc1d3bc3ad0203df122f643f8987e8ed,no
DATA_AVAILABILITY_FOR_SUBMISSION.md,1558,9777ff987e8c41904a40cb53dd3126099c87c8ea75ba88b2a9d19181eb09df37,no
DATA_DICTIONARY.csv,37321,7d5a3bd61c635f8472cd80e20327d57217a5c233655ebe230ef9455c08f538af,no
environment/VALIDATED_PYTHON_VERSIONS.json,356,05cc23ff1b4e4eb13208f37d05be25cf91605363e5c3793f265ee0c738ba1812,no
EXTERNAL_DATA.md,3848,c6e375bdcaab13ae46e6e616d19f7710769ad33fdaf3b92c37ff3b2213418072,no
figures/manuscript_embedded/main_image1.png,242168,501b12bfb779c1b8be99fb661f7a0a5ff7cc3d8ecb4facb49a96baef7062c50b,no
figures/manuscript_embedded/main_image2.png,1939000,ffd2e7735bed536d208df1fe868b9b1aef560b855a38f21c5cd2f4d94fe9f193,no
figures/manuscript_embedded/main_image3.svg,10730838,ba2ccf0b80f34165cb338e8a527285ab98d3ef055cc82a72a765d596f3fc188f,no
figures/manuscript_embedded/main_image4.png,334242,6954ff7e1cd72a74b20769c6611a81792cca6b962f42474d06c2515f245802f8,no
figures/manuscript_embedded/main_image5.svg,22309,0c90c566eea631d322fc0d64747139bcf46c9922fdfa4e3d30695cace56e1006,no
figures/manuscript_embedded/main_image6.png,2955712,fd137893d1f2eb39b0f086422d458f3a15e0e8b4e90ac514d9d409702f3c307a,no
figures/manuscript_embedded/main_image7.svg,21446276,1d1b9c5ebdd9d159297e84a7c1cc3507a698f5650969e9227e7e8b6e4282160e,no
figures/manuscript_embedded/supplement_image1.png,784033,2a9f17ce6def363c759a7db0c9a5334d8b956f6ed0b92e8c0e327836cd6a1b4e,no
figures/manuscript_embedded/supplement_image10.svg,22309,0c90c566eea631d322fc0d64747139bcf46c9922fdfa4e3d30695cace56e1006,no
figures/manuscript_embedded/supplement_image11.png,454021,4bdb246212225bcdfe2762a0c2dbb0d30515aa9279d7eb1431a8ef479f9585e6,no
figures/manuscript_embedded/supplement_image12.svg,24952,30aa272083da98969d2e15d94d192cf39dcefb29c2eeb23001f1fb0b7bb95c42,no
figures/manuscript_embedded/supplement_image2.svg,19856,2a97353e278ea6100db687483fcfc9d1b0e967d210eec24c6817d8c1723c2ab9,no
figures/manuscript_embedded/supplement_image3.png,1311463,c6b3afedd819efba17d0790f790abd4734afd7a03d06b47c302defaa197d4b8b,no
figures/manuscript_embedded/supplement_image4.svg,51463,5e60a2c0b66122eacb093112174d631586612969e57af4c6ef4b830ce84ff10b,no
figures/manuscript_embedded/supplement_image5.png,442482,3260300882cf4da3f8792a40ec3b398d99f4faba2c6fc7a7a5bed25130b16c87,no
figures/manuscript_embedded/supplement_image6.svg,11292,b8e4dee77c7beaa0c747796f2137d5540b632eaf89e6c4234a5f85d10af6e6ec,no
figures/manuscript_embedded/supplement_image7.png,466602,1ac302d3a4b0887c234d3f6aaa8e84539d048d8f9507606bc37bce043774e30f,no
figures/manuscript_embedded/supplement_image8.svg,36667,f52dabd133fdf56400e188fbb321d3cdc7cc0a57d56a33e46020ff668ea3dc29,no
figures/manuscript_embedded/supplement_image9.png,334242,6954ff7e1cd72a74b20769c6611a81792cca6b962f42474d06c2515f245802f8,no
figures/updated_figure1_not_yet_in_manuscript/Figure1_IJDE_Final.png,390207,6905381694099f7d2d8e34e9afa62aba2993143e32c7c4cf273e25152e092ae7,no
figures/updated_figure1_not_yet_in_manuscript/Figure1_IJDE_Final.svg,5330,2c1e4dc71182be3c01733f690ac6b0215f034e8131fc746b6b3a94ab3c379fc7,no
figures/updated_figure1_not_yet_in_manuscript/Figure1_IJDE_Final_Editable.pptx,15001,7106c9047c91f1568b8ed9a80540daa66eb8a1ab3b464740163d67af88b680e0,no
forward_transfer_geography_extension/code/config.py,326,7286f0b553d94c6d4bd1853cab3b2388c34c26230d8899b41049d59401652493,no
forward_transfer_geography_extension/code/forward_error_construction.py,5921,6c05ec6561dd06582bfb22dc8058519ab703567c6107469f851c4ded4f5bd88d,no
forward_transfer_geography_extension/code/hotspot_validation.py,4288,18e729382b86a38307a94f8e64a4ab3654a9084c8633f97e9e737f298b3ebade,no
forward_transfer_geography_extension/code/spatial_diagnostics.py,11636,32a139634a39b4185ea48df1f9d4ca6bdabaa5628a886dfc90211ae08e716648,no
forward_transfer_geography_extension/data_intermediate/accepted_geometry_metadata.csv,25553,51106492b5555da5f8c82825e68c98ccc2f6cdf6af3e73e11622dab1bb4e8d51,no
forward_transfer_geography_extension/data_intermediate/spatial_weight_diagnostics.csv,329,0d795b8e111b8f1da512c5b8088ce3ffcff4daed89dfd4d33df8246861ac4cca,no
forward_transfer_geography_extension/data_intermediate/spatial_weight_edges.csv,92542,bbcf9bfca5cd676840bee4bb64fe1a5a56e4e3eefd43754855bf896c4bf2b18f,no
provenance/manuscript_binding.json,98315,1c5cd99994420a37d3dc8b46de16c5fa74194c21f5f73c16f0a7f5b0e9cffa18,no
provenance/ROUND10B_A_BLACK_MARBLE_PROTOCOL.md,5357,3785913c8cdb8d8d70ff2cb6ca513219a067736110b98e9a320ebeaed068c464,no
provenance/round13_black_marble_threshold_results.json,10548,a7d7840d92cbd461e83c8c1962bda0d97f44dcef2933f29b1b0eca8fee39d046,no
README.md,5818,650f8bd1d466afa51ec943b6621bd549f29a8f88164bf00869d863b3643854b2,no
reference_results/round10b_ijde/branch_b/ROUND10B_B_BENCHMARK_SENSITIVITY.csv,7995,7c3b2664b39e26dd564e95895a50521a83389433bb57276e2eae8da8176de282,no
reference_results/round10b_ijde/branch_b/ROUND10B_B_COLLINEARITY_DIAGNOSTICS.csv,4826,036b7fb409e2750a3cf57ada56074c2f82ae9b72fd4aec8fab93cc8f4f98e6d9,no
reference_results/round10b_ijde/branch_b/ROUND10B_B_HETEROGENEITY_CROSS_PRODUCT.csv,1658,c834ef135a98ad1a53ed3604165d0b1547d04d1822dd6674156dcce79fff825b,no
reference_results/round10b_ijde/branch_b/ROUND10B_B_HETEROGENEITY_DATA_AUDIT.csv,6591,9494b5062e89b1741129d5dff1de23e733e96ed8cc6105f5cb29f8e03edf37aa,no
reference_results/round10b_ijde/branch_b/ROUND10B_B_HETEROGENEITY_JOINT.csv,2925,557cc5b3150dc763188b5df2f4e98867d541a16266735d3939a21d9de49accdd,no
reference_results/round10b_ijde/branch_b/ROUND10B_B_HETEROGENEITY_REGRESSIONS.csv,2901,4112134f3ef72ae937f1404b9b8d32236e5eb7f23da0a45ed2b6161c863602db,no
reference_results/round10b_ijde/branch_b/ROUND10B_B_HETEROGENEITY_STRESS_DOMAIN.csv,3074,1660757ce73d17f4c93614c7f027435dad5c38e9f4b7ed839518782e44cbcdc8,no
reference_results/round10b_ijde/branch_b/ROUND10B_B_HETEROGENEITY_TERCILES.csv,14188,4b59d1c342bbab4c545d876303afc0fd1512f8fbb5fdb95c0a5d45c2e34e9b72,no
reference_results/round10b_ijde/branch_b/ROUND10B_B_OBSERVATION_PANEL.csv,2648393,68fc75cc0ed998e63b178a34589b2e69c46de044f7220ae212a9d004fbf65ce0,no
reference_results/round10b_ijde/branch_b/ROUND10B_B_OUTLIER_SENSITIVITY.csv,3365,dce3fb4a04d03581b729c7cc6f3958c1e9642c67c4f18e2e1c25a6a473cba5fa,no
reference_results/round10b_ijde/branch_b/ROUND10B_B_STRESS_PREDICTION_REPRODUCTION_AUDIT.csv,895,b510f32ef93998c2dacb79b57e3f2bdcbdbb5aeea1ad04464795f9466c74c008,no
reference_results/round10b_ijde/branch_b/ROUND10B_B_TERCILE_CUTS.csv,1034,b157d8a03ecf448cc563d4e66890a758d52781d907bb2c3eb61ceb529af4000c,no
reference_results/round10b_ijde/branch_b/ROUND10B_Figure_Heterogeneity_Coefficients.csv,2899,b62dcdc4af00768a7c0bf2bff0e55ba526e689ee9d813784a8a31c3a3d80863d,no
reference_results/round10b_ijde/branch_b/ROUND10B_Figure_Heterogeneity_Terciles.csv,7195,68bbf549b002fe62ec3118979557676cabddae6c93b8de79042f375782dea708,no
reference_results/round14_ijde/intermediate/balanced_conditional_annual.csv,19639,feec119ac25557d042119d013e7c26904a0effae30886a2cff40f63e5de8645e,no
reference_results/round14_ijde/intermediate/balanced_conditional_bootstrap.csv,7985,385f971c89c999a9a64f4166ad98c978c759eb20a5e0ca6d81ca2f4ee5817746,no
reference_results/round14_ijde/intermediate/balanced_conditional_pooled.csv,2710,86963393e8a2137212eef09f181430bba544d5ebeecc1c1c432cbd8cb313349f,no
reference_results/round14_ijde/intermediate/balanced_conditional_predictions.csv,2934780,f99466086ad3c55cff6cf99c961d7be1da36fdec2e4c67f7206454deafe9c104,no
reference_results/round14_ijde/intermediate/balanced_standalone_annual.csv,1044,601bf4dab98b8c8f399edb13d8f6f9fde2bc6a0207de0ae2fd02681f91ce109a,no
reference_results/round14_ijde/intermediate/balanced_standalone_means.csv,302,4f766fffceb615120ae558b8a1791be76016666a9938cfe6f6f3e879d606afc3,no
reference_results/round14_ijde/intermediate/balanced_standalone_predictions.csv,1179104,65f0d2b7aa8ba40d6c903096fc4e33dd89d9b7db5615a39edc78e46969bc08d0,no
reference_results/round14_ijde/intermediate/existing_evidence_inventory.csv,3425,ec9339673e2e947e78b9470f5d4fb220bb31414ffc98d03f275cbe50bcebd8ea,no
reference_results/round14_ijde/intermediate/forward_calibration_parameters.csv,2083,8323a3e51eb85a99ba48797a8a1753fb523418c3057369a57b2d24b570c807ea,no
reference_results/round14_ijde/intermediate/forward_calibration_reproduction_audit.csv,1005,0d940302d2c984d8eabd4f8237818eedf61793446ab3b482cfd114c1cea29dcf,no
reference_results/round14_ijde/intermediate/influence_2017_conditional.csv,3862,f97cab8fc84eecadfa16bb70322ef7f2827ad103b2731461186e101c8e725925,no
reference_results/round14_ijde/intermediate/influence_2017_standalone.csv,1839,8fa41592bb7c14654b15b61222ba8984e4262596fee8b23778ee23d046cb2e98,no
reference_results/round14_ijde/intermediate/spatial_support_summary.csv,2558,d922d45b5dfb27d489d60c90a82ad7e76a2d61ef45b32696629f90d0d858d116,no
reference_results/round14_ijde/ROUND14_02_BALANCED_SAMPLE_CITIES.csv,51501,d491d0572eb05c0d86901f986b53600d7f9616d84bcfb0a5c7974f78d7866268,no
reference_results/round14_ijde/round14_results.json,36555,88ac2123aa568c08fa6858c5570e53d78f16b9e8b32e6cd0161d7d5b8477d16e,no
reference_results/round4_ijde_identification_closure/_staging/conditional_incremental_predictions.csv,3718772,be4a5dce16c40dabfd8ccddfad7f61b6ddbef72198e952621aa7bbcb01bf3371,no
reference_results/round4_ijde_identification_closure/_staging/raw_error_common_row_panel.csv,414490,d375785cbbbd4f8729d0e90ce895f0d9112e627fbe120ffe79562d390e6b0597,no
reference_results/round4_ijde_identification_closure/_staging/standalone_B0_map_reproduced.csv,30368,67edca977cca9c032a3855b19e0f1ee032d05b6b57b595098a18bb817550584d,no
reference_results/round4_ijde_identification_closure/_staging/standalone_metrics_reproduced.csv,3560,b4c18e86024274625290425403a270dd7b8f41b7d2e846a45de6933460061831,no
reference_results/round4_ijde_identification_closure/_staging/standalone_predictions_reproduced.csv,1803662,5bfb4b4f8198877651bfed7cb53ba09a5c94ba681694862b1911878a725185b2,no
reference_results/round4_ijde_identification_closure/_staging/workbook_leakage_summary.csv,15794,0bc8a44881e797548ea8f8c674b4109c78d8934716f427959e963ed7165400b1,no
reference_results/round4_ijde_identification_closure/ROUND4_00_INPUT_AND_PROVENANCE_AUDIT.csv,6502,8cd3f4782b3746f4162117b201da8cf0a2c05ab1e34c95528853ea12d282bb09,no
reference_results/round4_ijde_identification_closure/ROUND4_01_LEAKAGE_AUDIT.csv,1027332,4ce432bdee74099d6d0d9e2dd4268042ab1e21069226822eb1911319e72e5279,no
reference_results/round4_ijde_identification_closure/ROUND4_01_REPRODUCTION_GATE.csv,4157,a5f81abe0871053bce80db92f8cc629ebcf1d325b93ef3cc4d389a268da05112,no
reference_results/round4_ijde_identification_closure/ROUND4_02_CONDITIONAL_BOOTSTRAP.csv,14326,f175a2e60201cef31aabec03480b2e93c2d862cb22b741d41c1cb89ee49a8057,no
reference_results/round4_ijde_identification_closure/ROUND4_02_CONDITIONAL_INCREMENTAL_POOLED.csv,3297,95b347e3865634119cc5214cee274b3d284ee28c589183edd05fe2012f25e29c,no
reference_results/round4_ijde_identification_closure/ROUND4_02_CONDITIONAL_INCREMENTAL_VALUE.csv,24476,c7525e6db4c9b9ae2645bc6ae47477a0a08f8b5413a95a7c39de8f4d3f73a3a4,no
reference_results/round4_ijde_identification_closure/ROUND4_02_NESTED_BENCHMARK_LEAKAGE_AUDIT.csv,4991855,a438bd34ef8b1d45f7201e7d8830911f38cd450f22c9091eb04a5264ba2c704a,no
reference_results/round4_ijde_identification_closure/ROUND4_03_PRODUCT_ERROR_CORRELATION.csv,999,fd09d0986432e7eeb679436787611174d396ca6d2fb1f54b8c9c7391045a2a24,no
reference_results/round4_ijde_identification_closure/ROUND4_03_RAW_ERROR_GEOGRAPHY.csv,137210,9dfd4220ca5b5b90ea3201afd095e89d66270cd664247ec67870c02b0ed94663,no
reference_results/round4_ijde_identification_closure/ROUND4_03_RAW_ERROR_MORAN.csv,1075,bc083621b4af95156f7a74c7e660d49bfc0902e92e93396e068d59c38009cb62,no
reference_results/round4_ijde_identification_closure/ROUND4_04_SPATIAL_HAC_INCREMENTAL_LOSS.csv,24518,927547fb4c6b1f196fc762a99b49759b00d7781d31813ba743078ef124d5a06f,no
reference_results/round4_ijde_identification_closure/ROUND4_04_SPATIAL_HAC_STANDALONE_LOSS.csv,27737,87484b1c9dce37c571b2e4f58267b62543422ca7e7248a9d1ebd0344877892f9,no
reference_results/round4_ijde_identification_closure/ROUND4_05_HOTSPOT_CHANCE_DISTRIBUTION.csv,35713,ac9958b4e099fb9448052131395199f9fac94dd76c47c3c9ac0384ce1c813156,no
reference_results/round4_ijde_identification_closure/ROUND4_05_HOTSPOT_REFERENCE.csv,35031,9c1e45bca367e20f81272cf49618e2620cb2a06435b3dccd17a40f75ecbcc34d,no
reference_results/round4_ijde_identification_closure/ROUND4_06_MODEL_FORM_ROBUSTNESS.csv,39522,40422c22e8332cf765d2624deca1f9d42b6c1f916d9a328da265133173a780ce,no
reference_results/round4_ijde_identification_closure/ROUND4_07_AR_BENCHMARK.csv,3804,190faf2db805216d1a788062dc6920c2f2f5b94fc123050b7f1aa9788acafcb3,no
reference_results/round4_ijde_identification_closure/ROUND4_08_STRESS_DOMAIN_INCREMENTAL.csv,12308,267393132cc0c74866450b1acb94e900e08b8009396ec163a2801f44d08b2836,no
reference_results/round4_ijde_identification_closure/ROUND4_09_CLAIM_IMPLICATION_MATRIX.csv,4178,25aafd18eaa7a156061db0be86607520e4abb52f05f265ed67d229a5d2933b13,no
reference_results/round4_ijde_identification_closure/ROUND4_FINAL_ACCEPTANCE_CHECKS.csv,1749,aa04eec3b2a4c1c65860346210f83f4ee62fafb02c0d2bd7a861fd6a1a84232c,no
reference_results/round4_ijde_identification_closure/ROUND4_OUTPUT_MANIFEST.csv,14207,217ada0749c84e0733614891d8c09b5a0853247320d483cc5969e06aaa7ab361,no
reference_results/temporal_extension_2013_2021/09_tables/Table_E1_Coverage_and_Source_Certification.csv,2213,a875eb6ed5c08d62d30a31026cfebd9850bf4fe2c21a1a310606bbd078eed25e,no
reference_results/temporal_extension_2013_2021/09_tables/Table_E2_Continuous_PreCOVID_Rolling_Forward_Skill.csv,4688,99d0e9fc105ffb84fc2cd3ea7f272a0037df89e682fc16d5e6c06a87162549a0,no
reference_results/temporal_extension_2013_2021/09_tables/Table_E3_PreCOVID_B0_B3_Benchmark_Comparison.csv,15289,7015bc11bb8f2b26353ce81e093f161315e587983fd1a36120ad8b682766f9fa,no
reference_results/temporal_extension_2013_2021/09_tables/Table_E4_Pandemic_Stress_Test_Results.csv,7252,e0416d07c7afd0747462e6535a490031a861b96e6e644a7103cccd18dbccba83,no
reference_results/temporal_extension_2013_2021/09_tables/Table_E5_PreCOVID_Spatial_Autocorrelation.csv,2626,59e1f9ab3517b70aab86af4fe35be93f817aa83d3f8308b7f0da237da1af7983,no
reference_results/temporal_extension_2013_2021/09_tables/Table_E6_Hotspot_Identification_2015_2021.csv,180080,b490b75988b544d7b2e9f7a8fc50d2c95f9316c59225334165859a0d73d50581,no
REPRODUCTION_QA.md,2249,a71f794ad4515928600addab51be919faa26c3cb501b6eed97c259c196058baf,no
requirements.txt,108,8e36512969100bb23da777af03525573b8b3b67549a9fc7e2998a54f6bcf7f1c,no
RESULTS_INDEX.csv,12724,b802e28778330a056e57f37684c516cc0693ffa48f8facf6d64adc41c012b391,no
round10b_ijde/branch_a_bm/ROUND10B_A_SUPPORT_REHARMONIZATION_STATE.json,577,1c89e2b42b45eb4e8e7bc22e0509c07b651208fa530f3485fdd087161152f2c3,no
round10b_ijde/branch_a_bm/ROUND10B_B_BM_TOP10_FROZEN_SUPPORT_2015_2020.csv,464605,6e1055940479484276cfdafcd77ccf5462ebf3d3aff38f40410f361194c186f0,no
round10b_ijde/branch_b/analysis.py,28108,4038fb47abcdd28aaee9b037d5aea22801d7f86ba09225c8231b47770cbfed11,no
round10b_ijde/branch_b/make_figures.py,7690,916656c726121d6f9938220b5f8cb6ca9f4a7fc1fa8c095a61829a5a163d5012,no
round10b_ijde/branch_b/ROUND10B_B_BENCHMARK_SENSITIVITY.csv,8103,86190a8cd8441030fcc17a325bec5ae11a1792f8d5bc011ab474ab6ad44a1b97,yes
round10b_ijde/branch_b/ROUND10B_B_COLLINEARITY_DIAGNOSTICS.csv,4849,e5208a7b538628437a258b38d842fdfa9840224e1a9946946067a1eda77e0b77,yes
round10b_ijde/branch_b/ROUND10B_B_HETEROGENEITY_CROSS_PRODUCT.csv,1661,cd5f22b726758514b170d7f88417c7f5a17bc734877c88266f91a6a82838319f,yes
round10b_ijde/branch_b/ROUND10B_B_HETEROGENEITY_DATA_AUDIT.csv,6091,f85693a4b6f73951b57238e02e2ce1fbe9edc72f5a73e8ae8ab7e9a62c18aa9d,yes
round10b_ijde/branch_b/ROUND10B_B_HETEROGENEITY_JOINT.csv,2944,aad7a7dfb07655fda037e5a1ee477a4b12b80dd4b30e50b217dad009c0e89288,yes
round10b_ijde/branch_b/ROUND10B_B_HETEROGENEITY_REGRESSIONS.csv,2923,5e6bc4d6bcb6cfed82fe724982499e30bfcaf257f7770c480d810a429681525d,yes
round10b_ijde/branch_b/ROUND10B_B_HETEROGENEITY_STRESS_DOMAIN.csv,3140,bdb750370c27be743aac02d046674f50901011164a7b53c8a1f08fbd481c9f5c,yes
round10b_ijde/branch_b/ROUND10B_B_HETEROGENEITY_TERCILES.csv,14650,09cc3d30d4d51163db008a22204a08ef118d74e6f457c49e5937e71a5c441dcb,yes
round10b_ijde/branch_b/ROUND10B_B_OBSERVATION_PANEL.csv,2688409,530ad4e2fb86f4031c2b97eeb207a76d7e6b2ffc29ed874cfdc9a836a504151d,yes
round10b_ijde/branch_b/ROUND10B_B_OUTLIER_SENSITIVITY.csv,3443,9fa65b2454b1c8a3f07a8415a6b3ce342cfc49b57e589092319cfe05a185141c,yes
round10b_ijde/branch_b/ROUND10B_B_RUN_METADATA.json,1565,ed7a736d36917da94c33eba4d15a4090d940262124aebdbb8c644fdf374b3a5f,yes
round10b_ijde/branch_b/ROUND10B_B_STRESS_PREDICTION_REPRODUCTION_AUDIT.csv,892,7bcb7c52db799475213bc6970a1003e7d89640a0a46d082aae3dbfc7a1d66558,yes
round10b_ijde/branch_b/ROUND10B_B_TERCILE_CUTS.csv,1054,c5e6868005297c0ed2955f0a334f347f27f493e6d982cba9f8452f54e2c4750a,yes
round10b_ijde/branch_b/ROUND10B_Figure_Heterogeneity_Coefficients.csv,2901,4274254a7198c0a8030d06dee347e72f884820a9c303f0c1482daf9ed011071a,yes
round10b_ijde/branch_b/ROUND10B_Figure_Heterogeneity_Coefficients.svg,8291,73af9ca2c718cc73775e0320c02cd5b1a0a0cb8f1cb0124101b0127e20ef4498,yes
round10b_ijde/branch_b/ROUND10B_Figure_Heterogeneity_Terciles.csv,7195,799ddbfcfc1dd3627b38b9576a16ad4183c81b967b488d773d12c719cb604cdc,yes
round10b_ijde/branch_b/ROUND10B_Figure_Heterogeneity_Terciles.svg,24572,d4f42e3959cf5da93e302c9151a5008886e16c01c6c5ed9146f2b11e91079fa2,yes
round10b_ijde/branch_b/workbook_data.json,104356,ad7287d0a86c6953ac988615bcf579a5103ef5d0d212c5c56e525b475c3ea725,yes
round14_ijde/code/run_round14_analysis.py,41224,1ae5b98eb7373b0cc46aa1bca92bbc1d15849ef78cb3845942226435d5d84a34,no
round14_ijde/intermediate/balanced_conditional_annual.csv,21130,aeba9b81f3cd9237aaf135032da847f34461a7e5bdf364dae8bcef4d190a34ee,yes
round14_ijde/intermediate/balanced_conditional_bootstrap.csv,8273,56522466da0c603446a2afffceb127932046b9e0d9fa79d294e90ca6d40503cd,yes
round14_ijde/intermediate/balanced_conditional_pooled.csv,2793,cd83d31a9c3fa8f977a8dca6a76a48c5b487fc6e55e36cc42c05fb7d3a674b01,yes
round14_ijde/intermediate/balanced_conditional_predictions.csv,3053926,401333c7f248dc364428f0c28c8411d32e83d344d1f6f028f054e176e3a3b886,yes
round14_ijde/intermediate/balanced_standalone_annual.csv,1075,7407f47e2d9788d2d9f6386a9d638522de356f2818c01c08ad05996b3a4c9667,yes
round14_ijde/intermediate/balanced_standalone_means.csv,310,2b757ea72afcda97703536c2ae41f8cda23b834650c81b4f03b3f114f0909563,yes
round14_ijde/intermediate/balanced_standalone_predictions.csv,1194716,c59714e87d0bd2d83c7d639de4e527f3321a756790ebeb1a794995373c20de39,yes
round14_ijde/intermediate/existing_evidence_inventory.csv,3425,ec9339673e2e947e78b9470f5d4fb220bb31414ffc98d03f275cbe50bcebd8ea,yes
round14_ijde/intermediate/forward_calibration_parameters.csv,2121,904510688b9d5cbdefbb619f60a91b7414de5fb697eaf78d52befc025dee4b5b,yes
round14_ijde/intermediate/forward_calibration_reproduction_audit.csv,990,90d89ca166dce32503ff98e70d7f12568739085881b915297adf4ce73af3785c,yes
round14_ijde/intermediate/influence_2017_conditional.csv,3924,598c360b127b9a91e0641abe853da11df28213a80fe90d1d67583473264f1916,yes
round14_ijde/intermediate/influence_2017_standalone.csv,1849,ed1ea8129fe588fe4eb1bcc9591113d90e97c728abd1ef535293c5194756e9f6,yes
round14_ijde/intermediate/spatial_support_summary.csv,2558,d922d45b5dfb27d489d60c90a82ad7e76a2d61ef45b32696629f90d0d858d116,yes
round14_ijde/intermediate/workbook_payload.json,213186,6050c8b317efd677b549dd6addffc0c093471bb2ce3dea06255b07ad5ea91ff1,yes
round14_ijde/ROUND14_02_BALANCED_SAMPLE_CITIES.csv,51501,d491d0572eb05c0d86901f986b53600d7f9616d84bcfb0a5c7974f78d7866268,no
round14_ijde/round14_results.json,36422,1fc8d1d96717997e9cde5e2cfd8b9836c4c9af188ac2d41a8bbf1267465d01fd,yes
round14_ijde/ROUND14_SOURCE_HASHES.json,421,b53d19e0dab94378f76dc8e05be96e13ffc6dbece50545683bea12dd48c043f7,yes
round4_applied_geography_robustness/05_area_weighted_ntl/area_weighted_ntl_results.csv,2089,45b866c90490480565a0558f217dac270beae84aac040f6ac5d69df3fe5264aa,no
round4_applied_geography_robustness/05_area_weighted_ntl/baseline_vs_area_weighted.csv,534,10a6696d5ea1751b822f2696d8cbbfcf66d105851a1ac3304e6f59befaaf259e,no
round4_ijde_identification_closure/_staging/conditional_incremental_predictions.csv,3844071,eff511f5f645367bddfa244b93cfd681d393ae2b9fceec486877cf95044f3700,yes
round4_ijde_identification_closure/_staging/raw_error_common_row_panel.csv,426022,b26e4d674640446b1127ca3af23c9d319dbccf1d06393a58f2123bfc0eb1a48b,yes
round4_ijde_identification_closure/_staging/source_hashes_after.json,39,1369529ae7071722fb026ae4ad0a02b49d5d465332d311d4beff44d530a481e6,yes
round4_ijde_identification_closure/_staging/source_hashes_before.json,3120,4b6fe0bb719e891d63fde522a2fb93765aa2a06bff9253f7631fff022a09215b,yes
round4_ijde_identification_closure/_staging/standalone_B0_map_reproduced.csv,30923,4568208328ef11a56d697af6591057bed2d7535e478abbf74d8a80229147f58b,yes
round4_ijde_identification_closure/_staging/standalone_metrics_reproduced.csv,3642,993ca4d3ece58006376707b2ed2bfa217f78e6775e35e2d332614a9403017d20,yes
round4_ijde_identification_closure/_staging/standalone_predictions_reproduced.csv,1829151,594acd76f10feeec3fbc772e8fc4a55eb647a7802dfc8763f2c4a335a49b31e3,yes
round4_ijde_identification_closure/_staging/workbook_leakage_summary.csv,15794,0bc8a44881e797548ea8f8c674b4109c78d8934716f427959e963ed7165400b1,yes
round4_ijde_identification_closure/code/01_reproduction.py,16617,c8fb07acedd5da99d194d7b72b2fc58a162447c4e7321e270dfaaf313ba7c473,no
round4_ijde_identification_closure/code/02_conditional_incremental.py,9328,664bbb4d81bb7f6703207574061f4b3d8dd3849be3cad0e98b7c3280a99bd8bb,no
round4_ijde_identification_closure/code/03_raw_error_geography.py,11389,c46b802cab588e2870babce8e3b4ccbd08b1cc796f1e4c5e09457c868d746f62,no
round4_ijde_identification_closure/code/04_spatial_hac.py,5334,b5bd3938e2df2537bb3e5fc2091d291f068c3eccc0c0e6a1745ccae84cbab451,no
round4_ijde_identification_closure/code/05_hotspot_reference.py,5101,057e087aa9e9a49ecf252c131094eb87d910789c908f38717f7a1109d7a1a1d9,no
round4_ijde_identification_closure/code/06_model_form.py,6220,4abd3ea690cca081d6643352c441f6417b36cc51d332c23b9ab199c67b3aa799,no
round4_ijde_identification_closure/code/07_AR_benchmark.py,4110,8c33da8da6a5b0cc234e9692521c1d7c8685060aecb26705e43f04c80c687089,no
round4_ijde_identification_closure/code/08_stress_domain.py,1702,f7a04b00c33b8c926ca8a6d27abbfacdd3cee5287b07dec641c2b7a97532edbd,no
round4_ijde_identification_closure/code/09_finalize.py,20453,ceb3c94f9f407cdd5fac7ae9ac27d6af734ef4ecddde112843c22cf1c835629d,no
round4_ijde_identification_closure/code/utilities.py,25097,c3df95327f85a84fb411acee393a70e6b54ab85d8ad906c3c7b2f6f6310b5f67,no
round4_ijde_identification_closure/logs/01_reproduction_status.json,154,5d2eb6b6414d62d55967fa64b42bc9cb3f17f98471ef78d14f91bef22d22f0aa,yes
round4_ijde_identification_closure/logs/02_conditional_status.json,205,a3876e41abc4ccfcd9c899ef0b11af231dcc0eec55652172bfc58de9837e04b0,yes
round4_ijde_identification_closure/logs/03_raw_error_geography_status.json,117,3d58ed9f4a64e8c5daf16b18eb3a2c2b87ad24b4312e40473fd1656d5b6ce201,yes
round4_ijde_identification_closure/logs/04_spatial_hac_status.json,131,ac38a389f3ca09c37114b6848f47d41397bc685f84aa19eaa53e4d541f398f30,yes
round4_ijde_identification_closure/logs/05_hotspot_status.json,110,e06c6bcd94283acc752a9faad4dfc55e79211dc6865fa5ba7d8ab8bc8c25c0d5,yes
round4_ijde_identification_closure/logs/06_model_form_status.json,140,7762339f1e1c07a2f00894690506128781bfec9e0ee767ce20a333d6e5549e42,yes
round4_ijde_identification_closure/logs/07_ar_status.json,88,3858305046ad5de06414403a6569ab8dc999a0b897618f73fa482fbbc20a2bb6,yes
round4_ijde_identification_closure/logs/08_stress_status.json,113,45fe859d6b48e7db570a0d1f5f3b68fcf52ed402e31bb6b8772d4ca7d55e6841,yes
round4_ijde_identification_closure/logs/09_finalize_status.json,251,86c322af5aab05b21d1fac6914a467eca1831c6f296e6860310facc360ab3955,yes
round4_ijde_identification_closure/ROUND4_00_INPUT_AND_PROVENANCE_AUDIT.csv,5240,35296f682986bf9545ea5bc8f78ce543962bd7fe5efdfdaf8e229cb64ffd851c,yes
round4_ijde_identification_closure/ROUND4_00_INPUT_AND_PROVENANCE_AUDIT.md,830,9f803f11e59e5a1b90cd2893122ae2a26a197a43ded408fefd42a1487a0a6173,yes
round4_ijde_identification_closure/ROUND4_01_LEAKAGE_AUDIT.csv,1027332,4ce432bdee74099d6d0d9e2dd4268042ab1e21069226822eb1911319e72e5279,yes
round4_ijde_identification_closure/ROUND4_01_REPRODUCTION_GATE.csv,4174,640ea5e57f634053a0eaa83a005e3b10fba6cde8c3ab25d1d2c5871993d83717,yes
round4_ijde_identification_closure/ROUND4_01_REPRODUCTION_REPORT.md,776,d3577a738f483fc3d9eee3a81073b31af559af634e976781eb999c1e51905f80,yes
round4_ijde_identification_closure/ROUND4_02_CONDITIONAL_BOOTSTRAP.csv,14608,a9be20a59b918b149b67d787aa2f308cfe842c04515c6b889e7a036375bbed4c,yes
round4_ijde_identification_closure/ROUND4_02_CONDITIONAL_INCREMENTAL_POOLED.csv,3380,3385e9f9021b30780dabbf7ece4f17414cde05a64e139410b4e411753001a88a,yes
round4_ijde_identification_closure/ROUND4_02_CONDITIONAL_INCREMENTAL_VALUE.csv,25989,551231ea9a145d94810a2d422567c024e22b1c6add42096d6e93d2b016f08026,yes
round4_ijde_identification_closure/ROUND4_02_NESTED_BENCHMARK_LEAKAGE_AUDIT.csv,4991855,8dd2fa225fdcc86b8950ea3ef8785bb9816d2872691302dcd5d896dce1a12218,yes
round4_ijde_identification_closure/ROUND4_03_PRODUCT_ERROR_CORRELATION.csv,1000,a23771aeb1b5880cb94d514a2336470a4668537e262891d500d7eb498864e91a,yes
round4_ijde_identification_closure/ROUND4_03_RAW_ERROR_GEOGRAPHY.csv,138331,b3a7f2475f907d212fb5556eff3ee7c515980d1429120b14a5c2f86d91415b1a,yes
round4_ijde_identification_closure/ROUND4_03_RAW_ERROR_MORAN.csv,1102,9d7fc5213a4f2a487be0bbad61327aff5bba342fcced79c40dd3e1730f3c04d5,yes
round4_ijde_identification_closure/ROUND4_04_SPATIAL_HAC_INCREMENTAL_LOSS.csv,24633,8900cbb67eb76f2031dd363aa86b816301a47cbada3eb3117c4e640481ae6869,yes
round4_ijde_identification_closure/ROUND4_04_SPATIAL_HAC_STANDALONE_LOSS.csv,28630,a4054cd2f555bdc917d0d040c9408ae140e68ade5933e3cb272763db969bf8a2,yes
round4_ijde_identification_closure/ROUND4_05_HOTSPOT_CHANCE_DISTRIBUTION.csv,36047,dde5c2b6562a11404cc8153b2e4e6842f55544711f154c557db8205ce4fbea26,yes
round4_ijde_identification_closure/ROUND4_05_HOTSPOT_REFERENCE.csv,35329,d65b8807d3f7508aa03e52b0f6030b8422907a5b5381f0fe7a0fc6f1fd27126e,yes
round4_ijde_identification_closure/ROUND4_06_MODEL_FORM_ROBUSTNESS.csv,40698,325fe3e67b1f71d7bda3e7086f4586ebe4ebfd51aee01af315199aee8789affd,yes
round4_ijde_identification_closure/ROUND4_07_AR_BENCHMARK.csv,3945,54d1f1f9e6f14d77c77a520bb53e42e5ace1ac86e90e3e56c64887166f90c7ea,yes
round4_ijde_identification_closure/ROUND4_08_STRESS_DOMAIN_INCREMENTAL.csv,12914,518f0eec38c750a02a334bc3945e4ee6fef701944daf77f5412a4f583b96aee6,yes
round4_ijde_identification_closure/ROUND4_09_CLAIM_IMPLICATION_MATRIX.csv,4178,b49711e8031bcd25989100d026a57c8ed8930ff413ec8324328f9bd0a9374c72,yes
round4_ijde_identification_closure/ROUND4_FINAL_ACCEPTANCE_CHECKS.csv,1749,aa04eec3b2a4c1c65860346210f83f4ee62fafb02c0d2bd7a861fd6a1a84232c,yes
round4_ijde_identification_closure/ROUND4_IJDE_IDENTIFICATION_CLOSURE_REPORT.md,8340,5ebaf136f2f51eb427d13a349eb36849154c8fa7ffb00285a594dad1aa018275,yes
round4_ijde_identification_closure/ROUND4_OUTPUT_MANIFEST.csv,14207,217ada0749c84e0733614891d8c09b5a0853247320d483cc5969e06aaa7ab361,yes
round6_gdp_certification/02_official_sources/02_OFFICIAL_SOURCE_REGISTER.csv,14071,796f52883b970c2989d3d9e14e209225bcf92c17d0b6dc75ec9ff728360ecfb9,no
round6_gdp_certification/04_certification/04_GDP_ESTIMATION_YEAR_CERTIFICATION.csv,911123,1d70196558c7ef336830737442e72dd520a88017d13d32206b006fd5a2000b3b,no
round6_gdp_certification/09_certified_rerun/CERTIFIED_CANONICAL_ANALYSIS_SAMPLE.csv,1610719,1e2bb5cce6b3ed2c9ea11eb3fa4b8e21c4d613341dbf686ed54b674da09f96db,no
run_replication.py,1751,480b0f50ab83c0d03d24d1f09a3ab37effa8c53e425c3189f73d7feebb135054,no
temporal_extension_2013_2021/00_audit/COMMON_SUPPORT_RECONCILIATION.csv,587,2eb4ccd98f4ad71e44e7a05e635cb877375dbf26eb31d881df04ca2ee03c6892,no
temporal_extension_2013_2021/00_audit/FORWARD_LEAKAGE_AUDIT_EXTENDED.csv,3567,2ff424a95444ff4cf1051792c09671494ee1ae09a6645decab27a639114d3f7d,no
temporal_extension_2013_2021/00_audit/FORWARD_LEAKAGE_AUDIT_EXTENDED.md,1419,7927ac9bc47c75cb0a6cd026664f859fa0149a2bc769c634a01112b9584c38a2,no
temporal_extension_2013_2021/00_audit/OLD_FIVE_WAVE_FORWARD_REPRODUCTION.csv,1941,a90cbbe8f099695bd3dba6cffb21924935a1192fb91a2774c9850e9306ec3e2b,no
temporal_extension_2013_2021/00_audit/PRECOVID_GEOGRAPHY_HOTSPOT_QA.md,1167,6859e592286764f2860e9e612d6ba0cb1b018020f0e6bf933dfe4b2ebb6845b3,no
temporal_extension_2013_2021/00_audit/raster_reproduction/eog_v21_reproduced_prefecture_2013_2021_297.csv,1317159,ab027544c51c7752d031557e08803c1dcd4ceb2a17a3b6e8fd53d7237f820e84,no
temporal_extension_2013_2021/00_audit/SPATIAL_WEIGHT_RECONCILIATION.md,883,89d313a593cf242bdeeb286535316f37cf43a4f811f72dd462ae6779bb8557c8,no
temporal_extension_2013_2021/02_gdp_sources/2017_source_register_checkpoint.csv,300373,9045f77e6e0dffeb0bbcedad009608bb40f76d437c56cd0056e99300111f1705,no
temporal_extension_2013_2021/02_gdp_sources/2020_source_register_checkpoint.csv,390155,6ddbfc4f2fd5b486b7f04558764b31f548f191e4bd19a3d4bdb56f69be202423,no
temporal_extension_2013_2021/02_gdp_sources/2021_source_register_checkpoint.csv,392673,ae7777ad6c502a5323e4f49f1051379fa2af04f75b7c5f4c0741e21f3b251849,no
temporal_extension_2013_2021/04_ntl_sources/NTL_PRODUCT_FILE_MANIFEST_2012_2021.csv,208972,4394443e0ba47869cdb06fefe9e34b2ee3254b9ce6268da0d776305c9541b121,no
temporal_extension_2013_2021/05_ntl_processed/blackmarble_prefecture_2013_2021.csv,1955377,bfe0043ab1e87e802c4ea6eb26111d7d96b1acdefba4ebea04c4ff579227657a,no
temporal_extension_2013_2021/05_ntl_processed/eog_v21_prefecture_2013_2021.csv,1838342,2e99e30f443386cc65d4d9557c29c2ec4fa516554e25a3fbaa04c42a68ab96e3,no
temporal_extension_2013_2021/07_panel/prefecture_panel_2014_2021_extended.csv,2445301,45b914e811432fdff6166513ba70566271d1f3fabe333dd9153a057ba767bdf6,no
temporal_extension_2013_2021/08_analysis/benchmark_fallback_counts_extended.csv,13673,f7d70236b86674c85544b9c401d209d5a55acfc2001cea6e7e6d33c8b72c760b,yes
temporal_extension_2013_2021/08_analysis/benchmark_metrics_extended.csv,36058,fc1837307324033e70d9c8e762f10f66723fc948f695b12a4b125fd2c320b328,yes
temporal_extension_2013_2021/08_analysis/cross_product_forward_loss_map_correlation.csv,379,7172a0eea5afb17d362a84b86faa0939f355876513bd0a5c9558e182763ef8a2,yes
temporal_extension_2013_2021/08_analysis/forward_error_geography_pandemic_stress.csv,1491175,ac2d83b0aef129606d194bbca88f9fb66b82169a9ec6607f4311021a511dd1d6,yes
temporal_extension_2013_2021/08_analysis/forward_error_geography_pre_covid.csv,3623909,8cd5624c21d1d0b91d19136d3b8f913189ac0c9027fb37494665c5128f9ecf69,yes
temporal_extension_2013_2021/08_analysis/hotspot_identification_2015_2021.csv,183377,8fda2ec866f7fd28f52d56d42d96c33bc21e3e5b8553e3cbe50f20234cc9774d,yes
temporal_extension_2013_2021/08_analysis/hotspot_memberships_2015_2021.csv,9285347,c8ad93bb9566f836936b3d08781322cd9aafd00cad5036b896fda435b2390a01,yes
temporal_extension_2013_2021/08_analysis/original_five_wave_metrics_recomputed.csv,20800,4ebe6801e1fdb5f7076127335411600b2346e80edc9bf00ab6bfe7b70d8c5bcd,yes
temporal_extension_2013_2021/08_analysis/original_five_wave_predictions_recomputed.csv,1236943,104b046207ef289856e1a74be7ed4d9783001b743fcca3a53d9ee3c503f2dd75,yes
temporal_extension_2013_2021/08_analysis/prefecture_forward_loss_summary_pandemic_stress.csv,369812,4d1645329102f6235929883a8d4de4057370022be462cd5cb14ad1fad79f50e5,yes
temporal_extension_2013_2021/08_analysis/prefecture_forward_loss_summary_pre_covid.csv,369958,f6ded09f4bd42c4ab90d623f48d48adf62dc2130ecab61235ae30731535b5ff0,yes
temporal_extension_2013_2021/08_analysis/rolling_forward_predictions_extended.csv,2171253,50b956137a7a474de50ed78fa374f39637a50aa7b7f6578a19e5e0daffd7359c,yes
temporal_extension_2013_2021/08_analysis/spatial_lisa_pre_covid_exploratory.csv,539926,dc046f339ace43412fc7e8e846e887fe75f877ce9871da70ce854deb3344da5d,yes
temporal_extension_2013_2021/08_analysis/spatial_moran_pre_covid.csv,2717,9b0cd64b283b462d6bdc3dadfff7e98e1e51a08454bd4aac41fbda75506d5042,yes
temporal_extension_2013_2021/09_tables/Table_E1_Coverage_and_Source_Certification.csv,2213,a875eb6ed5c08d62d30a31026cfebd9850bf4fe2c21a1a310606bbd078eed25e,no
temporal_extension_2013_2021/09_tables/Table_E2_Continuous_PreCOVID_Rolling_Forward_Skill.csv,4688,99d0e9fc105ffb84fc2cd3ea7f272a0037df89e682fc16d5e6c06a87162549a0,no
temporal_extension_2013_2021/09_tables/Table_E3_PreCOVID_B0_B3_Benchmark_Comparison.csv,15289,7015bc11bb8f2b26353ce81e093f161315e587983fd1a36120ad8b682766f9fa,no
temporal_extension_2013_2021/09_tables/Table_E4_Pandemic_Stress_Test_Results.csv,7252,e0416d07c7afd0747462e6535a490031a861b96e6e644a7103cccd18dbccba83,no
temporal_extension_2013_2021/09_tables/Table_E5_PreCOVID_Spatial_Autocorrelation.csv,2626,59e1f9ab3517b70aab86af4fe35be93f817aa83d3f8308b7f0da237da1af7983,no
temporal_extension_2013_2021/09_tables/Table_E6_Hotspot_Identification_2015_2021.csv,180080,b490b75988b544d7b2e9f7a8fc50d2c95f9316c59225334165859a0d73d50581,no
temporal_extension_2013_2021/10_figures/Figure_E1_Temporal_Design.svg,37577,5fe17f0a976ad3fa32fd77b609fd24b25261bf7feac6da747f0569a0afe85874,no
temporal_extension_2013_2021/10_figures/Figure_E2_Continuous_PreCOVID_Forward_Skill.svg,22527,d3668f58698aee8506c7be93a15283eca22598011e4bc3a254ee646f28b0c06d,no
temporal_extension_2013_2021/10_figures/Figure_E3_PreCOVID_Forward_Loss.svg,21446287,b06d866620b47f610f1bdba1658abae1a4d17d46a6bba5048879776953b9c62c,no
temporal_extension_2013_2021/10_figures/Figure_E4_Pandemic_Stress_Skill.svg,24956,be95fdf864b5274ca72bd5abd39be365adcabc53d6fcf16968b6421cc8ad4897,no
temporal_extension_2013_2021/code/build_extension_tables_figures.py,16837,323e0600d7a05a35e3e21017a597a57ae4cc58134c925222ec63ab07f65c07e5,no
temporal_extension_2013_2021/code/run_extended_forward_validation.py,15311,38a6d562af7d65d0e59e90b29f6d0b5b8d5ff0e281757907e61dad2f1d95a093,no
temporal_extension_2013_2021/code/run_extended_geography_hotspots.py,8990,fd061019e38276ff16749272aefb18e7dc65bb54e79f135dbfec3ede1e4c4788,no
verify_package.py,3782,3915603d15533b76e103b5f4a1a7b2cc32adcb7d61d0dc671393eadf782e6ab0,no
