document,label,manuscript_caption_or_title,archive_data_or_asset,analysis_code_or_note
main,Figure 1,"Figure 1. Task-matched validation framework for nighttime lights as a socioeconomic proxy. Spatial representation and annual-change alignment provide within-year diagnostics. Out-of-sample validation distinguishes stand-alone temporal transfer from conditional incremental value. The conditional test compares an intercept-recalibrated historical GDP benchmark with the same benchmark augmented by light. Arrows connect validation questions, not causal steps or prerequisites; earlier evidence does not establish later validity. Geographic diagnostics and product, model-form, and temporal-domain checks support both out-of-sample questions. Calibration uses preceding GDP outcomes; target-year light is observed, while target-year GDP is excluded from calibration. The lower strip identifies the task-specific validation conditions.",figures/manuscript_embedded/main_image1.png,conceptual figure; revised vector candidate separately supplied
main,Figure 2,"Figure 2. Study coverage for the harmonized analysis universe under current boundaries. Blue units are the 296 baseline prefecture-level units retained after sample construction; grey marks Sansha, whose boundary is available but which lacks a certifiable GDP-growth history for the study window. Dark lines mark provincial boundaries.",figures/manuscript_embedded/main_image3.svg,verbatim manuscript artwork; current boundary data not bundled
main,Figure 3,"Figure 3. Continuous pre-COVID out-of-sample temporal-transfer skill relative to the national training-period mean. Each point is comparative Skill R² = 1 − SSE(light)/SSE(B0) for a light-to-GDP calibration estimated only on preceding GDP years and applied to observed target-year light. Positive values favor the stand-alone light mapping; negative values favor B0. Target-year GDP is excluded from calibration, but target-year light is observed, so the exercise is temporal measurement transfer rather than a pure ex ante forecast. The five folds cover target years 2015–2019 and use identical GDP test rows across products within year.",figures/manuscript_embedded/main_image5.svg,temporal_extension_2013_2021/09_tables/Table_E2_Continuous_PreCOVID_Rolling_Forward_Skill.csv
main,Figure 4,"Figure 4. Geography of continuous pre-COVID temporal-transfer loss relative to the national training-period mean. Each panel maps a prefecture's mean standardized excess squared loss averaged across its available transfer folds in 2015–2019; negative values favor the stand-alone light mapping and positive values favor B0. Both panels use the same continuous scale centered at zero and the accepted current-boundary set. The mapped quantity is comparative benchmark-relative performance, not sensor error alone.",figures/manuscript_embedded/main_image7.svg,temporal_extension_2013_2021/08_analysis/prefecture_forward_loss_summary_pre_covid.csv; current boundary data not bundled
main,Table 1,Table 1. Temporal coverage and certification of the extended prefecture panel,temporal_extension_2013_2021/09_tables/Table_E1_Coverage_and_Source_Certification.csv,temporal_extension_2013_2021/code/build_extension_tables_figures.py
main,Table 2,Table 2. Continuous pre-COVID temporal-transfer validation against B0,temporal_extension_2013_2021/09_tables/Table_E2_Continuous_PreCOVID_Rolling_Forward_Skill.csv,temporal_extension_2013_2021/code/run_extended_forward_validation.py
main,Table 3,Table 3. Pooled pre-COVID conditional incremental value across four historical information sets,round4_ijde_identification_closure/ROUND4_02_CONDITIONAL_INCREMENTAL_POOLED.csv,round4_ijde_identification_closure/code/02_conditional_incremental.py
main,Table 4,Table 4. Summary of task-matched validation evidence for the tested VIIRS mappings,round4_ijde_identification_closure/ROUND4_09_CLAIM_IMPLICATION_MATRIX.csv,round4_ijde_identification_closure/code/09_finalize.py
supplement,Figure S1,"Figure S1. Temporal-transfer validation design. Note: Primary folds (F1–F5) end in 2019. P1–P2 are separate pandemic-period stress tests. Every target-year GDP cell is excluded from its own calibration, while target-year light is observed and mapped using coefficients estimated on preceding GDP years. The primary domain is continuous pre-COVID growth in 2014–2019; 2020–2021 are reserved for separate pandemic-period stress tests. Night-light level coverage begins in 2013 so each annual growth observation has a lagged light level.",figures/manuscript_embedded/supplement_image8.svg,temporal_extension_2013_2021/code/build_extension_tables_figures.py
supplement,Figure S2,Figure S2. Continuous pre-COVID temporal-transfer skill relative to B0. EOG is below zero in every target year; Black Marble is positive only in 2015. The 2017 fold is the weakest B0 comparison for both products. Target-year light is observed; target-year GDP is excluded from calibration.,figures/manuscript_embedded/supplement_image10.svg,temporal_extension_2013_2021/09_tables/Table_E2_Continuous_PreCOVID_Rolling_Forward_Skill.csv
supplement,Figure S3,"Figure S3. Pandemic-period temporal-domain stress-test skill, 2020–2021. The stress folds are not pooled with the primary pre-COVID sequence and are interpreted as domain-shift diagnostics rather than causal COVID effects.",figures/manuscript_embedded/supplement_image12.svg,temporal_extension_2013_2021/09_tables/Table_E4_Pandemic_Stress_Test_Results.csv
supplement,Table S1,Table S1. GDP benchmark certification exceptions,round6_gdp_certification/04_certification/04_GDP_ESTIMATION_YEAR_CERTIFICATION.csv,source certification audit
supplement,Table S2,Table S2. Earth-observation preprocessing and harmonization protocol,temporal_extension_2013_2021/04_ntl_sources/NTL_PRODUCT_FILE_MANIFEST_2012_2021.csv; provenance/ROUND10B_A_BLACK_MARBLE_PROTOCOL.md,frozen preprocessing protocol
supplement,Table S3,Table S3. Administrative-area-adjusted level diagnostics,round4_applied_geography_robustness/05_area_weighted_ntl/area_weighted_ntl_results.csv,archived area-weighted sensitivity
supplement,Table S4,Table S4. Black Marble residual-background threshold grid,provenance/round13_black_marble_threshold_results.json,archived threshold grid
supplement,Table S5,"Table S5. Annual certification, coverage, and source-tier counts, 2014–2021",temporal_extension_2013_2021/09_tables/Table_E1_Coverage_and_Source_Certification.csv,temporal_extension_2013_2021/code/build_extension_tables_figures.py
supplement,Table S6,Table S6. Continuous pre-COVID temporal-transfer performance against B0,temporal_extension_2013_2021/09_tables/Table_E2_Continuous_PreCOVID_Rolling_Forward_Skill.csv,temporal_extension_2013_2021/code/run_extended_forward_validation.py
supplement,Table S7,Table S7. Full continuous pre-COVID B0–B3 stand-alone comparison and loss uncertainty,temporal_extension_2013_2021/09_tables/Table_E3_PreCOVID_B0_B3_Benchmark_Comparison.csv,temporal_extension_2013_2021/code/run_extended_forward_validation.py
supplement,Table S8,Table S8. Absolute-error metrics for the continuous pre-COVID B0–B3 comparisons,temporal_extension_2013_2021/09_tables/Table_E3_PreCOVID_B0_B3_Benchmark_Comparison.csv,temporal_extension_2013_2021/code/run_extended_forward_validation.py
supplement,Table S9,Table S9. Spatial autocorrelation in continuous pre-COVID B0-relative temporal-transfer loss,temporal_extension_2013_2021/09_tables/Table_E5_PreCOVID_Spatial_Autocorrelation.csv,temporal_extension_2013_2021/code/run_extended_geography_hotspots.py
supplement,Table S10,Table S10. Light-based identification of high- and low-growth prefectures at the 20% threshold,temporal_extension_2013_2021/09_tables/Table_E6_Hotspot_Identification_2015_2021.csv,temporal_extension_2013_2021/code/run_extended_geography_hotspots.py
supplement,Table S11,"Table S11. Pandemic-domain B0–B3 comparison and loss uncertainty, 2020–2021",temporal_extension_2013_2021/09_tables/Table_E4_Pandemic_Stress_Test_Results.csv,temporal_extension_2013_2021/code/run_extended_forward_validation.py
supplement,Table S12,Table S12. Absolute-error metrics for the pandemic-domain B0–B3 comparisons,temporal_extension_2013_2021/09_tables/Table_E4_Pandemic_Stress_Test_Results.csv,temporal_extension_2013_2021/code/run_extended_forward_validation.py
supplement,Table S13,Table S13. Conditional incremental value by target year,round4_ijde_identification_closure/ROUND4_02_CONDITIONAL_INCREMENTAL_VALUE.csv,round4_ijde_identification_closure/code/02_conditional_incremental.py
supplement,Table S14,"Table S14. Pooled pre-COVID conditional incremental value, 2016–2019",round4_ijde_identification_closure/ROUND4_02_CONDITIONAL_INCREMENTAL_POOLED.csv,round4_ijde_identification_closure/code/02_conditional_incremental.py
supplement,Table S15,Table S15. Raw product-error geographic agreement and spatial autocorrelation,round4_ijde_identification_closure/ROUND4_03_PRODUCT_ERROR_CORRELATION.csv; round4_ijde_identification_closure/ROUND4_03_RAW_ERROR_MORAN.csv,round4_ijde_identification_closure/code/03_raw_error_geography.py
supplement,Table S16,Table S16. Pooled spatial-HAC/Conley closure for primary loss differentials,round4_ijde_identification_closure/ROUND4_04_SPATIAL_HAC_STANDALONE_LOSS.csv; round4_ijde_identification_closure/ROUND4_04_SPATIAL_HAC_INCREMENTAL_LOSS.csv,round4_ijde_identification_closure/code/04_spatial_hac.py
supplement,Table S17,Table S17. Growth-extreme recovery relative to chance and historical rankings at q = 20%,round4_ijde_identification_closure/ROUND4_05_HOTSPOT_REFERENCE.csv; round4_ijde_identification_closure/ROUND4_05_HOTSPOT_CHANCE_DISTRIBUTION.csv,round4_ijde_identification_closure/code/05_hotspot_reference.py
supplement,Table S18,Table S18. Fixed model-form robustness,round4_ijde_identification_closure/ROUND4_06_MODEL_FORM_ROBUSTNESS.csv,round4_ijde_identification_closure/code/06_model_form.py
supplement,Table S19,Table S19. AR(1) historical benchmark with light augmentation,round4_ijde_identification_closure/ROUND4_07_AR_BENCHMARK.csv,round4_ijde_identification_closure/code/07_AR_benchmark.py
supplement,Table S20,Table S20. Conditional and practical comparisons in the 2020–2021 temporal stress domain,round4_ijde_identification_closure/ROUND4_08_STRESS_DOMAIN_INCREMENTAL.csv,round4_ijde_identification_closure/code/08_stress_domain.py
supplement,Table S21,Table S21. Construction and timing of exploratory applicability moderators,round10b_ijde/branch_b/ROUND10B_B_OBSERVATION_PANEL.csv,round10b_ijde/branch_b/analysis.py
supplement,Table S22,Table S22. Pre-COVID B3 single-moderator associations with conditional loss,round10b_ijde/branch_b/ROUND10B_B_HETEROGENEITY_REGRESSIONS.csv,round10b_ijde/branch_b/analysis.py
supplement,Table S23,Table S23. Mean conditional loss across fixed pre-COVID moderator terciles,round10b_ijde/branch_b/ROUND10B_B_HETEROGENEITY_TERCILES.csv,round10b_ijde/branch_b/analysis.py
supplement,Table S24,Table S24. Joint pre-COVID B3 moderator diagnostic,round10b_ijde/branch_b/ROUND10B_B_HETEROGENEITY_JOINT.csv,round10b_ijde/branch_b/analysis.py
supplement,Table S25,Table S25. Separate 2020–2021 B3 moderator stress-domain diagnostics,round10b_ijde/branch_b/ROUND10B_B_HETEROGENEITY_STRESS_DOMAIN.csv,round10b_ijde/branch_b/analysis.py
supplement,Table S26,Table S26. Forward calibration coefficients by product and target year,round14_ijde/intermediate/forward_calibration_parameters.csv,round14_ijde/code/run_round14_analysis.py
supplement,Table S27A,Table S27A. Spatial-support sensitivity summary,round14_ijde/intermediate/spatial_support_summary.csv,round14_ijde/code/run_round14_analysis.py
supplement,Table S27B,Table S27B. Sample-composition and 2017-influence summary,round14_ijde/intermediate/influence_2017_standalone.csv; round14_ijde/intermediate/influence_2017_conditional.csv,round14_ijde/code/run_round14_analysis.py
supplement,Table S28A,Table S28A. Stand-alone temporal transfer on the strict balanced pre-COVID sample,round14_ijde/intermediate/balanced_standalone_annual.csv,round14_ijde/code/run_round14_analysis.py
supplement,Table S28B,Table S28B. Conditional incremental value on the strict balanced pre-COVID sample,round14_ijde/intermediate/balanced_conditional_pooled.csv,round14_ijde/code/run_round14_analysis.py
supplement,Table S28C,Table S28C. Stand-alone 2017 influence sensitivity,round14_ijde/intermediate/influence_2017_standalone.csv,round14_ijde/code/run_round14_analysis.py
supplement,Table S28D,Table S28D. Conditional 2017 influence sensitivity,round14_ijde/intermediate/influence_2017_conditional.csv,round14_ijde/code/run_round14_analysis.py
