relative_path,sha256,bytes
code/bootstrap_refit.py,1c35cbe7f21ff1c8cd0c8f46d5de86f064f2c1e527ffd0b306a1334e166425d6,4011
code/frozen_validation.py,be2743c5f77707f875c86f93f0d0a59f29c2f72ee639048d06ee9ce926e39c5f,15203
CODE_PROVENANCE.json,40e88fef59fec01384f0e0d938e2413c9d4be43cca4ee99d101d3117a909bdf6,2166
DATA_ACCESS.md,5fb77cde4a6f4e2c1b197304dfe6934b26e6c99a6773502c6a3b8dea68040531,1373
ENVIRONMENT.json,eb3385761835a9e33cc3d9c734c8e58748771b69e3f59e171bca281c45337213,317
EXTERNAL_DATA.md,8fd251cb93471ab59e54111f88300b8623e1afe21d7bce406824de2c548c8809,2409
MANUSCRIPT_RESULT_BINDING.json,21f8528050f6abb414f87150d17058085e3564655df1031d1e5017141d58569a,658
PUBLIC_PRIVATE_BOUNDARY.md,8f06f0c2d95bc4121b81dbb6e70547ad7e2f0aaad650d5f8e94f4175777bfa1e,1218
README.md,a1338b39c650a3876166cb5e9ecc54ef1f281ce7cdc2f353adba3451be3a0155,3065
reference/R5_EOG_vs_BM_paired_loss_contrast.csv,1956e08206c49658edbf3be01fd8622b6963562f8f3903e3fd2fab24ef8053ab,11683
reference/R5_extension_loss_uncertainty.csv,6477642f40904921a557564f7037532cc625ed1d3ee536b6c261f5fb2e49073d,12021
reference/R5_extension_outcome_panel_inventory.csv,006e7c6c7f8982f199bb79838e5347dfb929d951b87f0facea59d5abf438f592,1183
reference/R5_external_verification_agreement_summary.csv,d8d8426b49be48f563c7798d9493971215fb4c30d3bc86118f3d6e62cd195beb,13487
reference/R5_external_verification_completion.csv,445e0682d2f5380f5a6f9c141e163ba06c74e8f28ca2a771c77f0c7375111bee,1146
reference/R5_fixed_fit_outcome_source_sensitivity.csv,e39ab82c0906b3962f9516921243c45f4b713e8d14f269a6c2068145c3fefe2a,48216
reference/R5_gdp_overlap_agreement_summary.csv,08b2dfe95b9f449e737355ccb12bda61b4a86dee498580e6860ddbd558514be7,768
reference/R5_province_deletion_skill_ranges.csv,23837c171415256ca0533b2db568a8198f9ef4ddaef31f5624d7a16b84353d79,1403
reference/R5_source_panel_conditional_results.csv,d350929306de7316d1fb78a1b0e9c05b8345c5ed17015c433b4bae9e0e024f76,23928
reference/R5_source_panel_domain_summary.csv,8f776e15f4993878ec45478502fa2377a718a2b87f2171076f078d46bd012841,26291
reference/R5_source_panel_standalone_results.csv,e2c319e69ce4c8c9d3f3c775ba1e7bf4a55d28896321fd878f779e026278567b,23828
reference/R5_target_year_deletion_skill_ranges.csv,044fdebacf3c9234be588675383ac98c5e708f8bfbdd5e87fd01e6fdf382ea55,1417
REPRODUCTION_QA.md,74efc6203695acc18c00b4456bbe0e9446cf460559db8e64702dcf01cb262622,1552
requirements.txt,4832aea9f164dd349e62409b8eddc4114dbdc3e95dbd8f494190817a9f316567,29
RESTRICTED_INPUT_SHA256.csv,d663e444bbd0ed3011bdd03db41ac1eb686291cc35ca6d3aef25a57eb20660b3,547
run_replication.py,ff09eb3f475718e415b956fe9705120a4de4366aff26eefadc4409d71370c3e8,11836
tables/Table_3.csv,a8cd108e7a55f36acf2e01ee956557be8e4258729a2f175f4abc97798ce11e85,565
