Product,B,"Priority-source
skill","Verified-panel
skill","Mean ΔLoss
×10⁻⁴","95% interval
×10⁻⁴"
EOG,B0,0.1097,0.1097,−0.623,"[−1.065, −0.275]"
EOG,B1,0.0766,0.0766,−0.498,"[−0.878, −0.211]"
EOG,B2,0.0671,0.0671,−0.444,"[−0.807, −0.180]"
EOG,B3,0.0319,0.0318,−0.443,"[−1.004, 0.041]"
Black Marble,B0,−0.2240,−0.2239,1.271,"[0.447, 2.915]"
Black Marble,B1,−0.1379,−0.1378,0.896,"[0.360, 1.940]"
Black Marble,B2,−0.1127,−0.1126,0.745,"[0.291, 1.707]"
Black Marble,B3,−0.1759,−0.1760,2.450,"[0.851, 5.921]"
